Workbook

Sheet 동진쌤_프로필
B2: 안녕하세요? 메루치 양식장 합정점 이동진입니다!🧑‍🌾
B4: "즐거운 운동이 삶의 질을 향상시킨다!"
B6: 📌이동진 트레이너 | C6: 트쌤소개🙋‍♂️ | D6: 경력사항🚩 | E6: 트쌤일지란?🧐
C7: 안녕하세요! 메루치 양식장 이동진입니다👨‍🌾 건강한 삶을 위해 운동을 시작하고 싶으신가요?🤔 하지만 어떤 트레이너를 선택해야 할지 고민이시죠? 혼자서 운동을 시작하기에는 막막하고, 그렇다고 아무에게나 PT를 등록할 수도 없으시죠? 트레이너의 유혹에 넘어가 무작정 PT를 등록하지 마세요!🙅‍♂️ 자신에게 맞는 트레이너인지, 원하는 목표를 확실하게 달성할 수 있는 트레이너인지 신중히 선택하는 것이 굉장히 중요합니다. 저는 운동을 정말 좋아하여 다니던 대기업을 그만두고 체육학 전공을 공부 중이며, 다양한 전문 자격증을 취득하였습니다.🏋️‍♀️ 제가 즐겁게 해온 운동을 회원님께 전달하고자 하며, 단순한 운동 지도가 아닌, 회원님의 전반적인 건강과 삶의 질을 향상시키는 것을 목표로 하고 있습니다.💪 1:1 개인 맞춤형 프로그램을 통해 회원님의 목표를 체계적으로 달성하도록 도와드리겠습니다.🔥 | D7: ✅ 피트니스온 서울시청점 마스터코치 ✅ (현) 메루치 양식장 시니어 트레이너 | E7: 트쌤일지는 회원님의 운동 여정에서 그 시작과 끝을 함께할 기록지예요. 1️⃣상담일지: 처음 등록할 때 마음가짐을 기억해요. 2️⃣수업일지: 뿌듯함에 쉽게 포기할 수 없을 거예요. 3️⃣인바디기록: 내 몸의 변화를 그래프로 확인해요. 수업이 다가 아니라, 회원님께서 노력한 과정과 변화를 두 눈으로 확인할 수 있다면 큰 보람을 느끼실 거예요! 저만 믿고 따라오세요.🔥
D16: 자격사항🎓 | E16: 헬짱일지란?😎
D17: ✅ NSCA-CPT 퍼스널트레이너 (미국체력관리학회) ✅ 피트니스 플러스 CFA과정 차석 수료 ✅ SPH EXERCISE BASIC 수료 ✅ 재활트레이닝 전문가과정 레벨1 과정 수료 ✅ 재활트레이닝 전문가과정 레벨 2 과정 수료 ✅ 재활트레이닝 전문가 고급자 자격증 ✅ MPSW 체형 관리 운동 지도자 ✅ 운동처방사 1급 ✅ 생활운동지도사 1급 ✅ 노인운동지도사 1급 ✅ 스포츠컨디셔닝지도사 1급 ✅ 체형관리사 1급 ✅ 헬스트레이너지도사 1급 ✅ 스포츠재활처방사 1급 ✅ 스포츠안전지도사 ✅ 2024 K-Classic 클래식 보디빌딩 3위 | E17: 헬짱일지는 웨이트 트레이닝 원리를 반영한 체계적인 운동일지 양식이에요! 우리 몸은 이전보다 강한 자극이 주어질 때 발달합니다. 따라서 원하는 몸을 만들기 위해서는 운동강도를 점차 높여가야 하는데, 기록을 하지 않으면 객관적이고 확실한 변화를 만들어내기 어렵습니다. 특히 체지방 감소와 근육량 증가를 위해서는 운동과 식단을 병행해야 하는데, ①'자극-회복-성장'이라는 근성장 원리에 따라 무게와 횟수를 점진적으로 늘리고, ②탄/단/지 영양소를 균형있게 섭취하는 것 또한 매우 중요합니다. 전체 칼로리 뿐만 아니라 내가 먹는 음식이 어떤 영양소로 이루어졌는지 인식할 필요가 있어요. 회원님께서 나만의 운동루틴을 만들고 건강한 식단에 적응하실 수 있도록 제가 기록을 도와드릴게요!
B31: 수업후기
B32: 20대 남성 회원님 실제후기👩 | C32: 20대 남성 회원님 실제후기👧 | D32: 30대 여성 회원님 실제후기👩‍🦰 | E32: 40대 남성 회원님 실제후기🧑

Sheet 월간 보고서
A1: OOO 1월 월간 보고서 | J1: 신체 변화
J4: 체중 | N4: 체지방률 | R4: 근육량
A5: 주요 변화 및 성장 포인트
A8: Before | E8: After
A10: ➀ | E10: ➡
A11: ➁ | E11: ➡
A12: ➂ | E12: ➡
A13: ➃ | E13: ➡
A14: ➄ | E14: ➡
A15: 성장 데이터 (숫자만 기입 해주세요)
A18: 변화 항목 | B18: 시작 전 | C18: 1달차 | E18: 2달차 | G18: 3달차 | J18: 운동 퍼포먼스
A20: 체중 | B20: ='상태 분석 및 목표치 설정'!H2 -> 71.3 | C20: 75.4 | E20: 75.9 | G20: 76.9
J21: 푸쉬업 | N21: 스쿼트 | R21: 랫풀다운
A22: 체지방률 | B22: ='상태 분석 및 목표치 설정'!F8 -> 18.6 | C22: 19.3 | E22: 19.7 | G22: 18.4
A24: 근육량 | B24: 32.6 | C24: 34.3 | E24: 34.4 | G24: 35.4
A26: 푸쉬업 (횟수)
A28: 스쿼트 (10RM)
A30: 랫풀다운 (10RM)
A32: 가슴 둘레 | B32: ='상태 분석 및 목표치 설정'!A36 -> 88 | C32: 91 | E32: 94 | G32: 96
A34: 어깨 너비 | B34: ='상태 분석 및 목표치 설정'!B36 -> 44 | C34: 45 | E34: 45.5 | G34: 46
A36: 상완 둘레 | B36: ='상태 분석 및 목표치 설정'!E36 -> 32 | C36: 33 | E36: 33.5 | G36: 33.5
A38: 허벅지 둘레 | B38: ='상태 분석 및 목표치 설정'!G36 -> 48 | C38: 51 | E38: 53 | G38: 54
J39: 부위별 변화
A40: 섭취 칼로리 | B40: ='식이 분석 및 가이드'!K51 -> 2000
A42: 운동횟수 | J42: 엉덩이 둘레 | M42: 어깨 너비 | P42: 상완 둘레 | S42: 허벅지 둘레
A44: 코칭 코멘트
A46: (회원님 운동 사진 첨부)
J59: 기타 변화
J62: 섭취 칼로리 | P62: 운동 횟수
A63: 다음 달 목표
A65: ✅
A66: ✅
A67: ✅
A68: ✅
A69: ✅
A84: OOO 2월 월간 보고서
A88: 주요 변화 및 성장 포인트
A91: Before | E91: After
A93: ➀ | E93: ➡
A94: ➁ | E94: ➡
A95: ➂ | E95: ➡
A96: ➃ | E96: ➡
A97: ➄ | E97: ➡
A98: 코칭 코멘트
A100: (회원님 운동 사진 첨부)
A117: 다음 달 목표
A119: ✅
A120: ✅
A121: ✅
A122: ✅
A123: ✅
A141: OOO 3월 월간 보고서
A145: 주요 변화 및 성장 포인트
A148: Before | E148: After
A150: ➀ | E150: ➡
A151: ➁ | E151: ➡
A152: ➂ | E152: ➡
A153: ➃ | E153: ➡
A154: ➄ | E154: ➡
A155: 코칭 코멘트
A157: (회원님 운동 사진 첨부)
A174: 다음 달 목표
A176: ✅
A177: ✅
A178: ✅
A179: ✅
A180: ✅

Sheet 26.05 월간보고서
A1: OOO 1월 월간 보고서 | J1: 신체 변화
J4: 체중 | N4: 체지방률 | R4: 근육량
A5: 주요 변화 및 성장 포인트
A8: Before | E8: After
A10: ➀ | E10: ➡
A11: ➁ | E11: ➡
A12: ➂ | E12: ➡
A13: ➃ | E13: ➡
A14: ➄ | E14: ➡
A15: 성장 데이터 (숫자만 기입 해주세요)
A18: 변화 항목 | B18: 시작 전 | C18: 1달차 | E18: 2달차 | G18: 3달차 | J18: 운동 퍼포먼스
A20: 체중 | B20: ='상태 분석 및 목표치 설정'!H2 -> 71.3 | C20: 75.4 | E20: 76.5 | G20: 74.9
J21: 푸쉬업 | N21: 스쿼트 | R21: 랫풀다운
A22: 체지방률 | B22: ='상태 분석 및 목표치 설정'!F8 -> 18.6 | C22: 19.3 | E22: 0.184 | G22: 0.172
A24: 근육량 | B24: 32.6 | C24: 34.3 | E24: 35.3 | G24: 35.1
A26: 푸쉬업 (횟수)
A28: 스쿼트 (10RM)
A30: 랫풀다운 (10RM)
A32: 가슴 둘레 | B32: ='상태 분석 및 목표치 설정'!A36 -> 88 | C32: 91 | E32: 96 | G32: 96.5
A34: 어깨 너비 | B34: ='상태 분석 및 목표치 설정'!B36 -> 44 | C34: 47 | E34: 47 | G34: 47.5
A36: 상완 둘레 | B36: ='상태 분석 및 목표치 설정'!E36 -> 32 | C36: 34 | E36: 35 | G36: 35
A38: 허벅지 둘레 | B38: ='상태 분석 및 목표치 설정'!G36 -> 48 | C38: 54 | E38: 54 | G38: 54
J39: 부위별 변화
A40: 섭취 칼로리 | B40: ='식이 분석 및 가이드'!K51 -> 2000
A42: 운동횟수 | J42: 가슴 둘레 | M42: 어깨 너비 | P42: 상완 둘레 | S42: 허벅지 둘레
A44: 코칭 코멘트
A46: (회원님 운동 사진 첨부)
J59: 기타 변화
J62: 섭취 칼로리 | P62: 운동 횟수
A63: 다음 달 목표
A65: ✅
A66: ✅
A67: ✅
A68: ✅
A69: ✅
A84: OOO 2월 월간 보고서
A88: 주요 변화 및 성장 포인트
A91: Before | E91: After
A93: ➀ | E93: ➡
A94: ➁ | E94: ➡
A95: ➂ | E95: ➡
A96: ➃ | E96: ➡
A97: ➄ | E97: ➡
A98: 코칭 코멘트
A100: (회원님 운동 사진 첨부)
A117: 다음 달 목표
A119: ✅
A120: ✅
A121: ✅
A122: ✅
A123: ✅
A141: OOO 3월 월간 보고서
A145: 주요 변화 및 성장 포인트
A148: Before | E148: After
A150: ➀ | E150: ➡
A151: ➁ | E151: ➡
A152: ➂ | E152: ➡
A153: ➃ | E153: ➡
A154: ➄ | E154: ➡
A155: 코칭 코멘트
A157: (회원님 운동 사진 첨부)
A174: 다음 달 목표
A176: ✅
A177: ✅
A178: ✅
A179: ✅
A180: ✅

Sheet 상태 분석 및 목표치 설정
E1: 이름 | G1: 키 | H1: 체중
E2: 김훈 | G2: 178 | H2: 71.3
E4: 직업군 | G4: 나이 | H4: 수면 시간
E5: 직장인 | G5: 만39 | H5: 6
E7: BMI | F7: 체지방률 | G7: 타입
E8: =IFERROR(ROUND(H2 / (G2/100)^2, 2), "") -> 22.5 | F8: 18.6
E10: 최고 체중(성인 이후) | G10: 최저 체중(성인 이후)
E11: 75 | G11: 62
E13: 운동경력
E14: 헬스장 PT 3개월 (1RM 기준 벤치 80kg, 데드 160kg, 스쿼트 120kg) * 25년 8월 정도 까지 운동량을 꽤 늘렸었고, 9월부터 업무와 어깨 통증으로 운동 볼륨 및 횟수가 많이 줄었습니다.
E17: 특이사항 및 병력
E18: 왼쪽어깨충돌증후군
E21: 섭취중인 영양제 및 복용중인 약물
E22: 비타민B,C, 오메가3, 마그네슘
E25: 운동 목적 및 방향
E26: 벌크업 | F26: FALSE | G26: 백호
E28: 린매스업 | F28: TRUE
E30: 커팅 | F30: FALSE
E32: 목표 체중(kg) | G32: 목표 주당 증량 체중(g)
E33: 76 | G33: =IF((E33-H2)=0, "", (E33-H2)/12*1000) -> 391.66667
A35: 가슴 둘레 | B35: 어깨 너비 | C35: 손목 둘레 | D35: 발목 둘레 | E35: 상완 둘레 | G35: 허벅지 둘레
A36: 88 | B36: 44 | E36: 32 | G36: 48
A38: 예상 상완 둘레(최대치) | C38: 예상 허벅지 둘레(최대치) | E38: 예상 전완 둘레(최대치)
A39: =1.2033*C36+0.1236*G2 -> 22.0008 | C39: =1.3868*D36+0.1805*G2 -> 32.129 | E39: =0.9626*C36+ 0.0989*G2 -> 17.6042
A42: 코칭에 꼭 반영되었으면 하는 점
A43: 예시) 운동 동작 코칭 시 디테일 하게 설명 부탁드립니다.

Sheet 식이 분석 및 가이드
B1: 섭취 음식 | D1: 칼로리
A2: 아침 | B2: 시간 : 0700 | D2: 400
B3: 빈도 : 주 5회 | H3: 메루치양식장
B4: 에그 샌드위치 | C4: 400
F10: 참고 및 주의사항
F11: 1. 칼로리가 높은 음식 위주로 카운팅 한다(밥, 육류, 튀김 등)
F12: 2. 즉, 칼로리가 매우 낮은 음식(김치, 나물, 채소 등)은 카운팅 하지 않는다
F13: 3. 식이기록을 진행한다고 해서, 더 먹거나 덜 먹지 않는다
A14: 점심 | B14: 시간 : 1200 | D14: 700 | F14: 4. 즉, 평소 식이대로 먹는다
B15: 빈도 : 매일 | F15: 간식/야식의 정의
B16: 백반(급식) | F16: 간식 | G16: 아침, 점심, 저녁 사이에 섭취하는 모든 음식
F17: 야식 | G17: 저녁 이후에 먹는 모든 음식
B18: 밥 1공기 + 육류 1주먹 | C18: 700 | G18: 술 또는 술자리 음식은 모두 여기에 카운팅
A26: 저녁 | B26: 시간 : 1900~2000 | D26: 750
B27: 빈도 : 매일
B28: 집밥
B30: 밥 1공기 + 육류 1주먹 | C30: 700
B32: 배달음식(여러 종류) | C32: 800
A38: 간식 | B38: 시간 : 1600 | D38: =350/7*3 -> 150
B39: 빈도 : 주 3회
B40: 단백질 1개 + 두유 | C40: 350 | F40: 식사를 얼마나 균등하고 있는지 나타내는 표
F43: 유형 | G43: 형태 | L43: 문제
F44: 폭식형 | G44: 한 끼니에 칼로리가 치중 되어 있음 | L44: 체지방 증가, 폭식으로 인한 다음 끼니 거름
F45: 아점형 | G45: 아침을 거르고 점심으로 때움 | L45: 1끼니의 칼로리(약 500-800)를 버리는 셈
F46: 1일 1식 | G46: 하루에 1끼니만 먹음 | L46: 칼로리 충당 힘듦, 폭식 가능성
F47: 야식형 | G47: 야식 칼로리 높음, 밤 늦게 끼니를 해결함 | L47: 취짐 전 섭취로 체지방 증가, 포만감 지속으로 아침 거름
A48: 야식 | B48: 시간 :
B49: 빈도 :
F50: 타이밍 | G50: 평균 칼로리 | I50: 신뢰도 높은 측정이 마무리 되어야 정확한 값이 나옴
F51: 아침 | G51: =D2 -> 400 | I51: 1일 소비열량 | K51: =D48+D38+D26+D14+D2 -> 2000
F52: 점심 | G52: =D14 -> 700
F53: 저녁 | G53: =D26 -> 750
F54: 간식 | G54: =D38 -> 150
F55: 야식 | G55: =D48
A59: 기상 시간 | B59: 600
A61: 취침 시간 | B61: 2400~0100 -> 2300~2400
A63: 특이 사항 | B63: 1️⃣
B64: 2️⃣
B65: 3️⃣
B66: 4️⃣
B67: 5️⃣
B69: 섭취 음식 | D69: 칼로리
A70: 아침 | B70: 시간 : 0700 | D70: =AVERAGE(C72:C77) -> 433.33333 | F70: 권장 소비열량 | H70: =IFERROR(IF(K51="", "", K51+500), "") -> 2500
B71: 빈도 : 주 5회
B72: 에그 샌드위치 | C72: 400
B74: 시리얼 + 우유 | C74: 450
B76: 삼각김밥 + 두유 | C76: 450
A82: 점심 | B82: 시간 : 1200 | D82: 800
B83: 빈도 : 매일
B84: 백반(급식)
B86: 밥 1.2공기 + 육류 1.5주먹 | C86: 800
B88: 육류(닭다리살, 목살(목전지), 소고기, 오리고기 등)
A94: 저녁 | B94: 시간 : 1900~2000 | D94: 800
B95: 빈도 : 매일
B96: 집밥
B98: 밥 1.2공기 + 육류 1.5주먹 | C98: 800
F99: 타이밍 | G99: 평균 칼로리
B100: 배달음식(여러 종류_육류위주) | C100: 800 | F100: 아침 | G100: =D70 -> 433.33333 | I100: 식이 가이드 열량 | K100: =IFERROR( IF(COUNTA(D70,D82,D94,D106,D116)=0, "", D70+D82+D94+D106+D116), "") -> 2383.3333
F101: 점심 | G101: =D82 -> 800
F102: 저녁 | G102: =D94 -> 800
F103: 간식 | G103: =D106 -> 350
F104: 야식 | G104: =D116
A106: 간식 | B106: 시간 : 1600 | D106: =350 -> 350
B107: 빈도 : 주 5회
B108: 단백질 1개 + 두유 | C108: 350 | F108: 벌크업에 필요한 단백질량
F109: 체중 * 1.6g
F110: =IFERROR( IF('상태 분석 및 목표치 설정'!H2="", "", '상태 분석 및 목표치 설정'!H2*1.6), "") -> 114.08
F114: 현재 섭취 단백질량
A116: 야식 | B116: 시간 :
B117: 빈도 :

Sheet 26.07~체중변화 추이
A1: 날짜 | B1: 섭취칼로리 | C1: 체중 | D1: 주당 평균 체중 | E1: 체중 목표치 | F1: 메모
A2: 46204 | C2: 75.2 | D2: =IF(COUNTIF(C2:C8,">0")=0, "", ROUND(AVERAGEIF(C2:C8,">0"), 1)) -> 74.9 | E2: ='상태 분석 및 목표치 설정'!H2 -> 71.3
A3: 46205 | B3: 3165 | C3: 75.2 | E3: =E2 + ($E$92 - $E$2) / 90 -> 71.352222
A4: 46206 | C4: 75.1 | E4: =E3 + ($E$92 - $E$2) / 90 -> 71.404444
A5: 46207 | C5: 74.3 | E5: =E4 + ($E$92 - $E$2) / 90 -> 71.456667
A6: 46208 | C6: 75.1 | E6: =E5 + ($E$92 - $E$2) / 90 -> 71.508889
A7: 46209 | C7: 74.3 | E7: =E6 + ($E$92 - $E$2) / 90 -> 71.561111
A8: 46210 | C8: 75.2 | E8: =E7 + ($E$92 - $E$2) / 90 -> 71.613333 | H8: 목표 섭취 칼로리(kcal)
A9: 46211 | C9: 75.1 | D9: =IF(COUNTIF(C9:C15,">0")=0, "", ROUND(AVERAGEIF(C9:C15,">0"), 1)) -> 74.7 | E9: =E8 + ($E$92 - $E$2) / 90 -> 71.665556 | H9: ='식이 분석 및 가이드'!K100 -> 2383.3333
A10: 46212 | C10: 74.9 | E10: =E9 + ($E$92 - $E$2) / 90 -> 71.717778
A11: 46213 | C11: 74.4 | E11: =E10 + ($E$92 - $E$2) / 90 -> 71.77
A12: 46214 | C12: 74.8 | E12: =E11 + ($E$92 - $E$2) / 90 -> 71.822222
A13: 46215 | C13: 74.8 | E13: =E12 + ($E$92 - $E$2) / 90 -> 71.874444
A14: 46216 | C14: 74.6 | E14: =E13 + ($E$92 - $E$2) / 90 -> 71.926667
A15: 46217 | C15: 74.6 | E15: =E14 + ($E$92 - $E$2) / 90 -> 71.978889
A16: 46218 | C16: 74.6 | D16: =IF(COUNTIF(C16:C22,">0")=0, "", ROUND(AVERAGEIF(C16:C22,">0"), 1)) -> 74.8 | E16: =E15 + ($E$92 - $E$2) / 90 -> 72.031111
A17: 46219 | C17: 74.6 | E17: =E16 + ($E$92 - $E$2) / 90 -> 72.083333
A18: 46220 | C18: 75 | E18: =E17 + ($E$92 - $E$2) / 90 -> 72.135556
A19: 46221 | C19: 74 | E19: =E18 + ($E$92 - $E$2) / 90 -> 72.187778
A20: 46222 | C20: 75.4 | E20: =E19 + ($E$92 - $E$2) / 90 -> 72.24
A21: 46223 | C21: 75.1 | E21: =E20 + ($E$92 - $E$2) / 90 -> 72.292222
A22: 46224 | C22: 75.1 | E22: =E21 + ($E$92 - $E$2) / 90 -> 72.344444
A23: 46225 | C23: 75.3 | D23: =IF(COUNTIF(C23:C29,">0")=0, "", ROUND(AVERAGEIF(C23:C29,">0"), 1)) -> 75.1 | E23: =E22 + ($E$92 - $E$2) / 90 -> 72.396667
A24: 46226 | C24: 74.8 | E24: =E23 + ($E$92 - $E$2) / 90 -> 72.448889
A25: 46227 | E25: =E24 + ($E$92 - $E$2) / 90 -> 72.501111
A26: 46228 | E26: =E25 + ($E$92 - $E$2) / 90 -> 72.553333
A27: 46229 | E27: =E26 + ($E$92 - $E$2) / 90 -> 72.605556
A28: 46230 | E28: =E27 + ($E$92 - $E$2) / 90 -> 72.657778
A29: 46231 | E29: =E28 + ($E$92 - $E$2) / 90 -> 72.71
A30: 46232 | D30: =IF(COUNTIF(C30:C36,">0")=0, "", ROUND(AVERAGEIF(C30:C36,">0"), 1)) | E30: =E29 + ($E$92 - $E$2) / 90 -> 72.762222
A31: 46233 | E31: =E30 + ($E$92 - $E$2) / 90 -> 72.814444
A32: 46234 | E32: =E31 + ($E$92 - $E$2) / 90 -> 72.866667
A33: 46235 | E33: =E32 + ($E$92 - $E$2) / 90 -> 72.918889
A34: 46236 | E34: =E33 + ($E$92 - $E$2) / 90 -> 72.971111
A35: 46237 | E35: =E34 + ($E$92 - $E$2) / 90 -> 73.023333
A36: 46238 | E36: =E35 + ($E$92 - $E$2) / 90 -> 73.075556
A37: 46239 | D37: =IF(COUNTIF(C37:C43,">0")=0, "", ROUND(AVERAGEIF(C37:C43,">0"), 1)) | E37: =E36 + ($E$92 - $E$2) / 90 -> 73.127778
A38: 46240 | E38: =E37 + ($E$92 - $E$2) / 90 -> 73.18
A39: 46241 | E39: =E38 + ($E$92 - $E$2) / 90 -> 73.232222 | H39: <오른쪽 세로축 범위 조정 필요> 오른쪽 세로축 더블클릭 -> 최솟값, 최댓값 수정 최소값 현재 체중 -1kg, 최대값 목표 체중 +1kg로 수정하면 적절
A40: 46242 | E40: =E39 + ($E$92 - $E$2) / 90 -> 73.284444
A41: 46243 | E41: =E40 + ($E$92 - $E$2) / 90 -> 73.336667
A42: 46244 | E42: =E41 + ($E$92 - $E$2) / 90 -> 73.388889
A43: 46245 | E43: =E42 + ($E$92 - $E$2) / 90 -> 73.441111
A44: 46246 | D44: =IF(COUNTIF(C44:C50,">0")=0, "", ROUND(AVERAGEIF(C44:C50,">0"), 1)) | E44: =E43 + ($E$92 - $E$2) / 90 -> 73.493333
A45: 46247 | E45: =E44 + ($E$92 - $E$2) / 90 -> 73.545556
A46: 46248 | E46: =E45 + ($E$92 - $E$2) / 90 -> 73.597778
A47: 46249 | E47: =E46 + ($E$92 - $E$2) / 90 -> 73.65
A48: 46250 | E48: =E47 + ($E$92 - $E$2) / 90 -> 73.702222
A49: 46251 | E49: =E48 + ($E$92 - $E$2) / 90 -> 73.754444
A50: 46252 | E50: =E49 + ($E$92 - $E$2) / 90 -> 73.806667
A51: 46253 | D51: =IF(COUNTIF(C51:C57,">0")=0, "", ROUND(AVERAGEIF(C51:C57,">0"), 1)) | E51: =E50 + ($E$92 - $E$2) / 90 -> 73.858889
A52: 46254 | E52: =E51 + ($E$92 - $E$2) / 90 -> 73.911111
A53: 46255 | E53: =E52 + ($E$92 - $E$2) / 90 -> 73.963333
A54: 46256 | E54: =E53 + ($E$92 - $E$2) / 90 -> 74.015556
A55: 46257 | E55: =E54 + ($E$92 - $E$2) / 90 -> 74.067778
A56: 46258 | E56: =E55 + ($E$92 - $E$2) / 90 -> 74.12
A57: 46259 | E57: =E56 + ($E$92 - $E$2) / 90 -> 74.172222
A58: 46260 | D58: =IF(COUNTIF(C58:C64,">0")=0, "", ROUND(AVERAGEIF(C58:C64,">0"), 1)) | E58: =E57 + ($E$92 - $E$2) / 90 -> 74.224444
A59: 46261 | E59: =E58 + ($E$92 - $E$2) / 90 -> 74.276667
A60: 46262 | E60: =E59 + ($E$92 - $E$2) / 90 -> 74.328889
A61: 46263 | E61: =E60 + ($E$92 - $E$2) / 90 -> 74.381111
A62: 46264 | E62: =E61 + ($E$92 - $E$2) / 90 -> 74.433333
A63: 46265 | E63: =E62 + ($E$92 - $E$2) / 90 -> 74.485556
A64: 46266 | E64: =E63 + ($E$92 - $E$2) / 90 -> 74.537778
A65: 46267 | D65: =IF(COUNTIF(C65:C71,">0")=0, "", ROUND(AVERAGEIF(C65:C71,">0"), 1)) | E65: =E64 + ($E$92 - $E$2) / 90 -> 74.59
A66: 46268 | E66: =E65 + ($E$92 - $E$2) / 90 -> 74.642222
A67: 46269 | E67: =E66 + ($E$92 - $E$2) / 90 -> 74.694444
A68: 46270 | E68: =E67 + ($E$92 - $E$2) / 90 -> 74.746667
A69: 46271 | E69: =E68 + ($E$92 - $E$2) / 90 -> 74.798889
A70: 46272 | E70: =E69 + ($E$92 - $E$2) / 90 -> 74.851111
A71: 46273 | E71: =E70 + ($E$92 - $E$2) / 90 -> 74.903333
A72: 46274 | D72: =IF(COUNTIF(C72:C78,">0")=0, "", ROUND(AVERAGEIF(C72:C78,">0"), 1)) | E72: =E71 + ($E$92 - $E$2) / 90 -> 74.955556
A73: 46275 | E73: =E72 + ($E$92 - $E$2) / 90 -> 75.007778
A74: 46276 | E74: =E73 + ($E$92 - $E$2) / 90 -> 75.06
A75: 46277 | E75: =E74 + ($E$92 - $E$2) / 90 -> 75.112222
A76: 46278 | E76: =E75 + ($E$92 - $E$2) / 90 -> 75.164444
A77: 46279 | E77: =E76 + ($E$92 - $E$2) / 90 -> 75.216667
A78: 46280 | E78: =E77 + ($E$92 - $E$2) / 90 -> 75.268889
A79: 46281 | D79: =IF(COUNTIF(C79:C85,">0")=0, "", ROUND(AVERAGEIF(C79:C85,">0"), 1)) | E79: =E78 + ($E$92 - $E$2) / 90 -> 75.321111
A80: 46282 | E80: =E79 + ($E$92 - $E$2) / 90 -> 75.373333
A81: 46283 | E81: =E80 + ($E$92 - $E$2) / 90 -> 75.425556
A82: 46284 | E82: =E81 + ($E$92 - $E$2) / 90 -> 75.477778
A83: 46285 | E83: =E82 + ($E$92 - $E$2) / 90 -> 75.53
A84: 46286 | E84: =E83 + ($E$92 - $E$2) / 90 -> 75.582222
A85: 46287 | E85: =E84 + ($E$92 - $E$2) / 90 -> 75.634444
A86: 46288 | D86: =IF(COUNTIF(C86:C92,">0")=0, "", ROUND(AVERAGEIF(C86:C92,">0"), 1)) | E86: =E85 + ($E$92 - $E$2) / 90 -> 75.686667
A87: 46289 | E87: =E86 + ($E$92 - $E$2) / 90 -> 75.738889
A88: 46290 | E88: =E87 + ($E$92 - $E$2) / 90 -> 75.791111
A89: 46291 | E89: =E88 + ($E$92 - $E$2) / 90 -> 75.843333
A90: 46292 | E90: =E89 + ($E$92 - $E$2) / 90 -> 75.895556
A91: 46293 | E91: =E90 + ($E$92 - $E$2) / 90 -> 75.947778
A92: 46294 | E92: ='상태 분석 및 목표치 설정'!E33 -> 76

Sheet 26.04~체중변화 추이
A1: 날짜 | B1: 섭취칼로리 | C1: 체중 | D1: 주당 평균 체중 | E1: 체중 목표치 | F1: 메모
A2: 46111 | D2: =IF(COUNTIF(C2:C8,">0")=0, "", ROUND(AVERAGEIF(C2:C8,">0"), 1)) -> 76.3 | E2: ='상태 분석 및 목표치 설정'!H2 -> 71.3
A3: 46112 | E3: =E2 + ($E$92 - $E$2) / 90 -> 71.352222
A4: 46113 | E4: =E3 + ($E$92 - $E$2) / 90 -> 71.404444
A5: 46114 | B5: 2319 | C5: 76.4 | E5: =E4 + ($E$92 - $E$2) / 90 -> 71.456667
A6: 46115 | C6: 76.2 | E6: =E5 + ($E$92 - $E$2) / 90 -> 71.508889
A7: 46116 | E7: =E6 + ($E$92 - $E$2) / 90 -> 71.561111
A8: 46117 | E8: =E7 + ($E$92 - $E$2) / 90 -> 71.613333 | H8: 목표 섭취 칼로리(kcal)
A9: 46118 | D9: =IF(COUNTIF(C9:C15,">0")=0, "", ROUND(AVERAGEIF(C9:C15,">0"), 1)) -> 76.5 | E9: =E8 + ($E$92 - $E$2) / 90 -> 71.665556 | H9: ='식이 분석 및 가이드'!K100 -> 2383.3333
A10: 46119 | B10: 2370 | C10: 76.6 | E10: =E9 + ($E$92 - $E$2) / 90 -> 71.717778
A11: 46120 | B11: 2230 | C11: 76.8 | E11: =E10 + ($E$92 - $E$2) / 90 -> 71.77
A12: 46121 | B12: 2474 | C12: 76.8 | E12: =E11 + ($E$92 - $E$2) / 90 -> 71.822222
A13: 46122 | C13: 76.3 | E13: =E12 + ($E$92 - $E$2) / 90 -> 71.874444
A14: 46123 | C14: 75.9 | E14: =E13 + ($E$92 - $E$2) / 90 -> 71.926667
A15: 46124 | E15: =E14 + ($E$92 - $E$2) / 90 -> 71.978889
A16: 46125 | C16: 75.9 | D16: =IF(COUNTIF(C16:C22,">0")=0, "", ROUND(AVERAGEIF(C16:C22,">0"), 1)) -> 76.7 | E16: =E15 + ($E$92 - $E$2) / 90 -> 72.031111
A17: 46126 | B17: 2301 | C17: 77 | E17: =E16 + ($E$92 - $E$2) / 90 -> 72.083333
A18: 46127 | B18: 1650 | C18: 77.1 | E18: =E17 + ($E$92 - $E$2) / 90 -> 72.135556
A19: 46128 | B19: 2578 | C19: 76.6 | E19: =E18 + ($E$92 - $E$2) / 90 -> 72.187778
A20: 46129 | C20: 76.8 | E20: =E19 + ($E$92 - $E$2) / 90 -> 72.24
A21: 46130 | E21: =E20 + ($E$92 - $E$2) / 90 -> 72.292222
A22: 46131 | E22: =E21 + ($E$92 - $E$2) / 90 -> 72.344444
A23: 46132 | B23: 2418 | D23: =IF(COUNTIF(C23:C29,">0")=0, "", ROUND(AVERAGEIF(C23:C29,">0"), 1)) -> 77 | E23: =E22 + ($E$92 - $E$2) / 90 -> 72.396667
A24: 46133 | C24: 76.8 | E24: =E23 + ($E$92 - $E$2) / 90 -> 72.448889
A25: 46134 | C25: 77.2 | E25: =E24 + ($E$92 - $E$2) / 90 -> 72.501111
A26: 46135 | E26: =E25 + ($E$92 - $E$2) / 90 -> 72.553333
A27: 46136 | E27: =E26 + ($E$92 - $E$2) / 90 -> 72.605556
A28: 46137 | E28: =E27 + ($E$92 - $E$2) / 90 -> 72.657778
A29: 46138 | E29: =E28 + ($E$92 - $E$2) / 90 -> 72.71
A30: 46139 | B30: 2189 | C30: 76 | D30: =IF(COUNTIF(C30:C36,">0")=0, "", ROUND(AVERAGEIF(C30:C36,">0"), 1)) -> 76.3 | E30: =E29 + ($E$92 - $E$2) / 90 -> 72.762222
A31: 46140 | B31: 1769 | C31: 76.1 | E31: =E30 + ($E$92 - $E$2) / 90 -> 72.814444
A32: 46141 | C32: 76.4 | E32: =E31 + ($E$92 - $E$2) / 90 -> 72.866667
A33: 46142 | C33: 76.5 | E33: =E32 + ($E$92 - $E$2) / 90 -> 72.918889
A34: 46143 | E34: =E33 + ($E$92 - $E$2) / 90 -> 72.971111
A35: 46144 | E35: =E34 + ($E$92 - $E$2) / 90 -> 73.023333
A36: 46145 | E36: =E35 + ($E$92 - $E$2) / 90 -> 73.075556
A37: 46146 | D37: =IF(COUNTIF(C37:C43,">0")=0, "", ROUND(AVERAGEIF(C37:C43,">0"), 1)) -> 76.1 | E37: =E36 + ($E$92 - $E$2) / 90 -> 73.127778
A38: 46147 | B38: 1585 | C38: 76.1 | E38: =E37 + ($E$92 - $E$2) / 90 -> 73.18
A39: 46148 | B39: 2100 | C39: 75.6 | E39: =E38 + ($E$92 - $E$2) / 90 -> 73.232222 | H39: <오른쪽 세로축 범위 조정 필요> 오른쪽 세로축 더블클릭 -> 최솟값, 최댓값 수정 최소값 현재 체중 -1kg, 최대값 목표 체중 +1kg로 수정하면 적절
A40: 46149 | B40: 2298 | C40: 76.3 | E40: =E39 + ($E$92 - $E$2) / 90 -> 73.284444
A41: 46150 | C41: 75.9 | E41: =E40 + ($E$92 - $E$2) / 90 -> 73.336667
A42: 46151 | C42: 76.3 | E42: =E41 + ($E$92 - $E$2) / 90 -> 73.388889
A43: 46152 | C43: 76.3 | E43: =E42 + ($E$92 - $E$2) / 90 -> 73.441111
A44: 46153 | B44: 1825 | C44: 77.2 | D44: =IF(COUNTIF(C44:C50,">0")=0, "", ROUND(AVERAGEIF(C44:C50,">0"), 1)) -> 76.6 | E44: =E43 + ($E$92 - $E$2) / 90 -> 73.493333
A45: 46154 | B45: 2063 | C45: 76.3 | E45: =E44 + ($E$92 - $E$2) / 90 -> 73.545556
A46: 46155 | C46: 76.2 | E46: =E45 + ($E$92 - $E$2) / 90 -> 73.597778
A47: 46156 | E47: =E46 + ($E$92 - $E$2) / 90 -> 73.65
A48: 46157 | E48: =E47 + ($E$92 - $E$2) / 90 -> 73.702222
A49: 46158 | E49: =E48 + ($E$92 - $E$2) / 90 -> 73.754444
A50: 46159 | E50: =E49 + ($E$92 - $E$2) / 90 -> 73.806667
A51: 46160 | B51: 2007 | D51: =IF(COUNTIF(C51:C57,">0")=0, "", ROUND(AVERAGEIF(C51:C57,">0"), 1)) -> 75.5 | E51: =E50 + ($E$92 - $E$2) / 90 -> 73.858889
A52: 46161 | B52: 1812 | C52: 76 | E52: =E51 + ($E$92 - $E$2) / 90 -> 73.911111
A53: 46162 | B53: 1503 | C53: 75.3 | E53: =E52 + ($E$92 - $E$2) / 90 -> 73.963333
A54: 46163 | C54: 75.1 | E54: =E53 + ($E$92 - $E$2) / 90 -> 74.015556
A55: 46164 | E55: =E54 + ($E$92 - $E$2) / 90 -> 74.067778
A56: 46165 | E56: =E55 + ($E$92 - $E$2) / 90 -> 74.12
A57: 46166 | E57: =E56 + ($E$92 - $E$2) / 90 -> 74.172222
A58: 46167 | C58: 76.5 | D58: =IF(COUNTIF(C58:C64,">0")=0, "", ROUND(AVERAGEIF(C58:C64,">0"), 1)) -> 75.9 | E58: =E57 + ($E$92 - $E$2) / 90 -> 74.224444
A59: 46168 | B59: 2879 | C59: 76.8 | E59: =E58 + ($E$92 - $E$2) / 90 -> 74.276667
A60: 46169 | B60: 1510 | C60: 76.5 | E60: =E59 + ($E$92 - $E$2) / 90 -> 74.328889
A61: 46170 | B61: 1742 | C61: 75.6 | E61: =E60 + ($E$92 - $E$2) / 90 -> 74.381111
A62: 46171 | E62: =E61 + ($E$92 - $E$2) / 90 -> 74.433333
A63: 46172 | C63: 74.8 | E63: =E62 + ($E$92 - $E$2) / 90 -> 74.485556
A64: 46173 | C64: 74.9 | E64: =E63 + ($E$92 - $E$2) / 90 -> 74.537778
A65: 46174 | C65: 75.8 | D65: =IF(COUNTIF(C65:C71,">0")=0, "", ROUND(AVERAGEIF(C65:C71,">0"), 1)) -> 78.4 | E65: =E64 + ($E$92 - $E$2) / 90 -> 74.59
A66: 46175 | C66: 76.3 | E66: =E65 + ($E$92 - $E$2) / 90 -> 74.642222
A67: 46176 | C67: 85.9 | E67: =E66 + ($E$92 - $E$2) / 90 -> 74.694444
A68: 46177 | C68: 75.7 | E68: =E67 + ($E$92 - $E$2) / 90 -> 74.746667
A69: 46178 | E69: =E68 + ($E$92 - $E$2) / 90 -> 74.798889
A70: 46179 | E70: =E69 + ($E$92 - $E$2) / 90 -> 74.851111
A71: 46180 | E71: =E70 + ($E$92 - $E$2) / 90 -> 74.903333
A72: 46181 | D72: =IF(COUNTIF(C72:C78,">0")=0, "", ROUND(AVERAGEIF(C72:C78,">0"), 1)) -> 75.4 | E72: =E71 + ($E$92 - $E$2) / 90 -> 74.955556
A73: 46182 | B73: 1442 | C73: 75.5 | E73: =E72 + ($E$92 - $E$2) / 90 -> 75.007778
A74: 46183 | C74: 75.3 | E74: =E73 + ($E$92 - $E$2) / 90 -> 75.06
A75: 46184 | E75: =E74 + ($E$92 - $E$2) / 90 -> 75.112222
A76: 46185 | E76: =E75 + ($E$92 - $E$2) / 90 -> 75.164444
A77: 46186 | E77: =E76 + ($E$92 - $E$2) / 90 -> 75.216667
A78: 46187 | E78: =E77 + ($E$92 - $E$2) / 90 -> 75.268889
A79: 46188 | D79: =IF(COUNTIF(C79:C85,">0")=0, "", ROUND(AVERAGEIF(C79:C85,">0"), 1)) | E79: =E78 + ($E$92 - $E$2) / 90 -> 75.321111
A80: 46189 | E80: =E79 + ($E$92 - $E$2) / 90 -> 75.373333
A81: 46190 | E81: =E80 + ($E$92 - $E$2) / 90 -> 75.425556
A82: 46191 | E82: =E81 + ($E$92 - $E$2) / 90 -> 75.477778
A83: 46192 | E83: =E82 + ($E$92 - $E$2) / 90 -> 75.53
A84: 46193 | E84: =E83 + ($E$92 - $E$2) / 90 -> 75.582222
A85: 46194 | E85: =E84 + ($E$92 - $E$2) / 90 -> 75.634444
A86: 46195 | D86: =IF(COUNTIF(C86:C92,">0")=0, "", ROUND(AVERAGEIF(C86:C92,">0"), 1)) -> 75 | E86: =E85 + ($E$92 - $E$2) / 90 -> 75.686667
A87: 46196 | E87: =E86 + ($E$92 - $E$2) / 90 -> 75.738889
A88: 46197 | C88: 75 | E88: =E87 + ($E$92 - $E$2) / 90 -> 75.791111
A89: 46198 | C89: 75 | E89: =E88 + ($E$92 - $E$2) / 90 -> 75.843333
A90: 46199 | E90: =E89 + ($E$92 - $E$2) / 90 -> 75.895556
A91: 46200 | E91: =E90 + ($E$92 - $E$2) / 90 -> 75.947778
A92: 46201 | E92: ='상태 분석 및 목표치 설정'!E33 -> 76

Sheet 체중변화 추이
A1: 날짜 | B1: 섭취칼로리 | C1: 체중 | D1: 주당 평균 체중 | E1: 체중 목표치 | F1: 메모
A2: 46020 | C2: 71.3 | D2: =IF(COUNTIF(C2:C8,">0")=0, "", ROUND(AVERAGEIF(C2:C8,">0"), 1)) -> 71.5 | E2: ='상태 분석 및 목표치 설정'!H2 -> 71.3
A3: 46021 | B3: 2153 | C3: 71.7 | E3: =E2 + ($E$92 - $E$2) / 90 -> 71.352222
A4: 46022 | B4: 2718 | C4: 71.7 | E4: =E3 + ($E$92 - $E$2) / 90 -> 71.404444
A5: 46023 | B5: 3095 | C5: 71.8 | E5: =E4 + ($E$92 - $E$2) / 90 -> 71.456667
A6: 46024 | B6: 2144 | C6: 71.3 | E6: =E5 + ($E$92 - $E$2) / 90 -> 71.508889
A7: 46025 | B7: 2869 | C7: 70.7 | E7: =E6 + ($E$92 - $E$2) / 90 -> 71.561111
A8: 46026 | B8: 1192 | C8: 72.3 | E8: =E7 + ($E$92 - $E$2) / 90 -> 71.613333 | H8: 목표 섭취 칼로리(kcal)
A9: 46027 | B9: 2323 | C9: 72.3 | D9: =IF(COUNTIF(C9:C15,">0")=0, "", ROUND(AVERAGEIF(C9:C15,">0"), 1)) -> 72.4 | E9: =E8 + ($E$92 - $E$2) / 90 -> 71.665556 | H9: ='식이 분석 및 가이드'!K100 -> 2383.3333
A10: 46028 | B10: 2346 | C10: 72.4 | E10: =E9 + ($E$92 - $E$2) / 90 -> 71.717778
A11: 46029 | B11: 2646 | C11: 73 | E11: =E10 + ($E$92 - $E$2) / 90 -> 71.77
A12: 46030 | B12: 1518 | C12: 72.5 | E12: =E11 + ($E$92 - $E$2) / 90 -> 71.822222
A13: 46031 | B13: 2744 | C13: 72.4 | E13: =E12 + ($E$92 - $E$2) / 90 -> 71.874444
A14: 46032 | B14: 2323 | C14: 72.4 | E14: =E13 + ($E$92 - $E$2) / 90 -> 71.926667
A15: 46033 | B15: 2340 | C15: 72.1 | E15: =E14 + ($E$92 - $E$2) / 90 -> 71.978889
A16: 46034 | C16: 72.5 | D16: =IF(COUNTIF(C16:C22,">0")=0, "", ROUND(AVERAGEIF(C16:C22,">0"), 1)) -> 72.6 | E16: =E15 + ($E$92 - $E$2) / 90 -> 72.031111
A17: 46035 | B17: 2486 | C17: 72.3 | E17: =E16 + ($E$92 - $E$2) / 90 -> 72.083333
A18: 46036 | B18: 2208 | C18: 72.7 | E18: =E17 + ($E$92 - $E$2) / 90 -> 72.135556
A19: 46037 | B19: 2129 | C19: 72.8 | E19: =E18 + ($E$92 - $E$2) / 90 -> 72.187778
A20: 46038 | B20: 2431 | C20: 72.4 | E20: =E19 + ($E$92 - $E$2) / 90 -> 72.24
A21: 46039 | C21: 73 | E21: =E20 + ($E$92 - $E$2) / 90 -> 72.292222
A22: 46040 | C22: 72.6 | E22: =E21 + ($E$92 - $E$2) / 90 -> 72.344444
A23: 46041 | B23: 3165 | C23: 73 | D23: =IF(COUNTIF(C23:C29,">0")=0, "", ROUND(AVERAGEIF(C23:C29,">0"), 1)) -> 73.1 | E23: =E22 + ($E$92 - $E$2) / 90 -> 72.396667
A24: 46042 | B24: 2638 | C24: 73.5 | E24: =E23 + ($E$92 - $E$2) / 90 -> 72.448889
A25: 46043 | B25: 1893 | C25: 72.8 | E25: =E24 + ($E$92 - $E$2) / 90 -> 72.501111
A26: 46044 | B26: 2345 | C26: 72.8 | E26: =E25 + ($E$92 - $E$2) / 90 -> 72.553333
A27: 46045 | C27: 73.3 | E27: =E26 + ($E$92 - $E$2) / 90 -> 72.605556
A28: 46046 | C28: 73.1 | E28: =E27 + ($E$92 - $E$2) / 90 -> 72.657778
A29: 46047 | C29: 73 | E29: =E28 + ($E$92 - $E$2) / 90 -> 72.71
A30: 46048 | B30: 2076 | C30: 73 | D30: =IF(COUNTIF(C30:C36,">0")=0, "", ROUND(AVERAGEIF(C30:C36,">0"), 1)) -> 73.6 | E30: =E29 + ($E$92 - $E$2) / 90 -> 72.762222
A31: 46049 | B31: 2438 | C31: 73.5 | E31: =E30 + ($E$92 - $E$2) / 90 -> 72.814444
A32: 46050 | B32: 2657 | C32: 73.3 | E32: =E31 + ($E$92 - $E$2) / 90 -> 72.866667
A33: 46051 | B33: 3033 | C33: 73.4 | E33: =E32 + ($E$92 - $E$2) / 90 -> 72.918889
A34: 46052 | C34: 73.4 | E34: =E33 + ($E$92 - $E$2) / 90 -> 72.971111
A35: 46053 | C35: 74.4 | E35: =E34 + ($E$92 - $E$2) / 90 -> 73.023333
A36: 46054 | C36: 74.2 | E36: =E35 + ($E$92 - $E$2) / 90 -> 73.075556
A37: 46055 | B37: 2443 | C37: 74.5 | D37: =IF(COUNTIF(C37:C43,">0")=0, "", ROUND(AVERAGEIF(C37:C43,">0"), 1)) -> 74.5 | E37: =E36 + ($E$92 - $E$2) / 90 -> 73.127778
A38: 46056 | B38: 2479 | C38: 74.8 | E38: =E37 + ($E$92 - $E$2) / 90 -> 73.18
A39: 46057 | B39: 2333 | C39: 74.4 | E39: =E38 + ($E$92 - $E$2) / 90 -> 73.232222 | H39: <오른쪽 세로축 범위 조정 필요> 오른쪽 세로축 더블클릭 -> 최솟값, 최댓값 수정 최소값 현재 체중 -1kg, 최대값 목표 체중 +1kg로 수정하면 적절
A40: 46058 | B40: 2129 | C40: 74.5 | E40: =E39 + ($E$92 - $E$2) / 90 -> 73.284444
A41: 46059 | C41: 74.6 | E41: =E40 + ($E$92 - $E$2) / 90 -> 73.336667
A42: 46060 | C42: 74.3 | E42: =E41 + ($E$92 - $E$2) / 90 -> 73.388889
A43: 46061 | C43: 74.4 | E43: =E42 + ($E$92 - $E$2) / 90 -> 73.441111
A44: 46062 | B44: 2607 | C44: 74.8 | D44: =IF(COUNTIF(C44:C50,">0")=0, "", ROUND(AVERAGEIF(C44:C50,">0"), 1)) -> 74.8 | E44: =E43 + ($E$92 - $E$2) / 90 -> 73.493333
A45: 46063 | B45: 2815 | C45: 74.4 | E45: =E44 + ($E$92 - $E$2) / 90 -> 73.545556
A46: 46064 | B46: 2263 | C46: 74.6 | E46: =E45 + ($E$92 - $E$2) / 90 -> 73.597778
A47: 46065 | B47: 2485 | C47: 74.8 | E47: =E46 + ($E$92 - $E$2) / 90 -> 73.65
A48: 46066 | C48: 75 | E48: =E47 + ($E$92 - $E$2) / 90 -> 73.702222
A49: 46067 | C49: 74.9 | E49: =E48 + ($E$92 - $E$2) / 90 -> 73.754444
A50: 46068 | C50: 75.1 | E50: =E49 + ($E$92 - $E$2) / 90 -> 73.806667
A51: 46069 | C51: 75.4 | D51: =IF(COUNTIF(C51:C57,">0")=0, "", ROUND(AVERAGEIF(C51:C57,">0"), 1)) -> 75.1 | E51: =E50 + ($E$92 - $E$2) / 90 -> 73.858889
A52: 46070 | C52: 74.9 | E52: =E51 + ($E$92 - $E$2) / 90 -> 73.911111
A53: 46071 | C53: 75.1 | E53: =E52 + ($E$92 - $E$2) / 90 -> 73.963333
A54: 46072 | C54: 75.2 | E54: =E53 + ($E$92 - $E$2) / 90 -> 74.015556
A55: 46073 | B55: 2224 | C55: 74.9 | E55: =E54 + ($E$92 - $E$2) / 90 -> 74.067778
A56: 46074 | B56: 2224 | C56: 75 | E56: =E55 + ($E$92 - $E$2) / 90 -> 74.12
A57: 46075 | B57: 2535 | C57: 74.9 | E57: =E56 + ($E$92 - $E$2) / 90 -> 74.172222
A58: 46076 | B58: 2010 | C58: 74.9 | D58: =IF(COUNTIF(C58:C64,">0")=0, "", ROUND(AVERAGEIF(C58:C64,">0"), 1)) -> 75 | E58: =E57 + ($E$92 - $E$2) / 90 -> 74.224444
A59: 46077 | B59: 1415 | C59: 75 | E59: =E58 + ($E$92 - $E$2) / 90 -> 74.276667
A60: 46078 | C60: 75.2 | E60: =E59 + ($E$92 - $E$2) / 90 -> 74.328889
A61: 46079 | E61: =E60 + ($E$92 - $E$2) / 90 -> 74.381111
A62: 46080 | E62: =E61 + ($E$92 - $E$2) / 90 -> 74.433333
A63: 46081 | E63: =E62 + ($E$92 - $E$2) / 90 -> 74.485556
A64: 46082 | E64: =E63 + ($E$92 - $E$2) / 90 -> 74.537778
A65: 46083 | D65: =IF(COUNTIF(C65:C71,">0")=0, "", ROUND(AVERAGEIF(C65:C71,">0"), 1)) -> 75.3 | E65: =E64 + ($E$92 - $E$2) / 90 -> 74.59
A66: 46084 | C66: 75.4 | E66: =E65 + ($E$92 - $E$2) / 90 -> 74.642222
A67: 46085 | B67: 2305 | C67: 75.4 | E67: =E66 + ($E$92 - $E$2) / 90 -> 74.694444
A68: 46086 | B68: 2275 | C68: 75.4 | E68: =E67 + ($E$92 - $E$2) / 90 -> 74.746667
A69: 46087 | C69: 75.6 | E69: =E68 + ($E$92 - $E$2) / 90 -> 74.798889
A70: 46088 | C70: 75.5 | E70: =E69 + ($E$92 - $E$2) / 90 -> 74.851111
A71: 46089 | C71: 74.5 | E71: =E70 + ($E$92 - $E$2) / 90 -> 74.903333
A72: 46090 | B72: 2697 | C72: 74.5 | D72: =IF(COUNTIF(C72:C78,">0")=0, "", ROUND(AVERAGEIF(C72:C78,">0"), 1)) -> 74.8 | E72: =E71 + ($E$92 - $E$2) / 90 -> 74.955556
A73: 46091 | B73: 2399 | C73: 74.6 | E73: =E72 + ($E$92 - $E$2) / 90 -> 75.007778
A74: 46092 | C74: 75 | E74: =E73 + ($E$92 - $E$2) / 90 -> 75.06
A75: 46093 | C75: 74.6 | E75: =E74 + ($E$92 - $E$2) / 90 -> 75.112222
A76: 46094 | C76: 75.1 | E76: =E75 + ($E$92 - $E$2) / 90 -> 75.164444
A77: 46095 | C77: 74.6 | E77: =E76 + ($E$92 - $E$2) / 90 -> 75.216667
A78: 46096 | C78: 75 | E78: =E77 + ($E$92 - $E$2) / 90 -> 75.268889
A79: 46097 | D79: =IF(COUNTIF(C79:C85,">0")=0, "", ROUND(AVERAGEIF(C79:C85,">0"), 1)) -> 75.5 | E79: =E78 + ($E$92 - $E$2) / 90 -> 75.321111
A80: 46098 | B80: 2954 | C80: 75.6 | E80: =E79 + ($E$92 - $E$2) / 90 -> 75.373333
A81: 46099 | B81: 2392 | C81: 75.3 | E81: =E80 + ($E$92 - $E$2) / 90 -> 75.425556
A82: 46100 | C82: 76 | E82: =E81 + ($E$92 - $E$2) / 90 -> 75.477778
A83: 46101 | C83: 75.3 | E83: =E82 + ($E$92 - $E$2) / 90 -> 75.53
A84: 46102 | C84: 75.3 | E84: =E83 + ($E$92 - $E$2) / 90 -> 75.582222
A85: 46103 | C85: 75.3 | E85: =E84 + ($E$92 - $E$2) / 90 -> 75.634444
A86: 46104 | B86: 1857 | C86: 75.6 | D86: =IF(COUNTIF(C86:C92,">0")=0, "", ROUND(AVERAGEIF(C86:C92,">0"), 1)) -> 75 | E86: =E85 + ($E$92 - $E$2) / 90 -> 75.686667
A87: 46105 | B87: 3077 | C87: 75.6 | E87: =E86 + ($E$92 - $E$2) / 90 -> 75.738889
A88: 46106 | C88: 75.6 | E88: =E87 + ($E$92 - $E$2) / 90 -> 75.791111
A89: 46107 | C89: 75.8 | E89: =E88 + ($E$92 - $E$2) / 90 -> 75.843333
A90: 46108 | C90: 72.2 | E90: =E89 + ($E$92 - $E$2) / 90 -> 75.895556
A91: 46109 | E91: =E90 + ($E$92 - $E$2) / 90 -> 75.947778
A92: 46110 | E92: ='상태 분석 및 목표치 설정'!E33 -> 76

Sheet TEST
A1: 테스트 날짜 | C1: 46022 | D1: TEST 프로그램 | J1: 솔루션
A2: 운동명 | C2: 세트 | D2: 중량(kg) | E2: 성공 횟수 | F2: 평균 횟수 | G2: RPE | H2: 문제점
A3: 벤치 | C3: 3세트 실패 지점 까지 진행 | F3: =(E5+E6+E7)/3 -> 8.6666667 | H3: 그립 너비 | I3: FALSE
H4: 척추 중립 | I4: FALSE | J4: 고관절 굴곡근 강화 훈련(레그레이즈, 플랭크)
C5: 1 | D5: 50 | E5: 10 | H5: 어깨 위치 | I5: FALSE | J5: 익상증후군 : 푸쉬업 플러스, 윌 슬라이드 | K5: 라운드 숄더 : 견갑골 후인근 강화/소흉근 스트레칭, 와이레이즈
C6: 2 | E6: 8 | H6: 가동범위 | I6: FALSE
C7: 3 | E7: 8 | H7: 속도 | I7: FALSE | J7: 속도 카운팅
A8: 메모
A10: 풀업 | C10: 3세트 실패 지점 까지 진행 | F10: =(E12+E13+E14)/3 -> 4.3333333 | H10: 그립 너비 | I10: FALSE
H11: 척추 중립 | I11: FALSE | J11: 고관절 굴곡근 강화 훈련(레그레이즈, 플랭크)
C12: 1 | D12: 0 | E12: 5 | H12: 팔꿈치 | I12: FALSE | J12: 팔
C13: 2 | E13: 5 | H13: 어깨 말림 | I13: FALSE | J13: 익상증후군, 라운드 숄더 교정
C14: 3 | E14: 3 | H14: 속도 | I14: FALSE | J14: 속도 카운팅
A15: 메모
A17: 스쿼트 | C17: 3세트 실패 지점 까지 진행 | F17: =(E19+E20+E21)/3 -> 7.6666667 | H17: 발 너비 | I17: FALSE
H18: 무릎 방향 | I18: FALSE | J18: 외반슬 : 내로우 스쿼트, 중둔근 강화 훈련
C19: 1 | D19: 80 | E19: 8 | H19: 무게 중심 | I19: FALSE | J19: 발 앞쪽 : 힙힌지 훈련, 발 뒤쪽 : 종아리 스트레칭, 역도화 활용
C20: 2 | E20: 8 | H20: 유연성(벗윙크) | I20: FALSE | J20: 내전근/장요근 스트레칭 (2:28 ~4:45) | K20: 척추기립근 강화 훈련
C21: 3 | E21: 7 | H21: 속도 | I21: FALSE | J21: 속도 카운팅
A22: 메모

Sheet 운동 전 스트레칭
B1: 스트레칭명 | D1: 세트 | E1: 시간 | F1: 목표 | G1: 진행 | H1: 특이사항
B2: 날짜 | C2: 44202 | D2: 컨디션/특이사항 | F2: (1~10점 중) + 특이사항
A3: 하체 운동 전 | B3: 프로그 (내전근) | D3: 1 | E3: 0 | F3: 1
D4: 2 | E4: =E3 -> 0 | F4: =F3 -> 1
D5: 3 | E5: =E3 -> 0 | F5: =F3 -> 1
B6: 고관절 모빌리티 | D6: 1 | E6: 0 | F6: 5
D7: 2 | E7: =E6 -> 0 | F7: =F6 -> 5
D8: 3 | E8: =E6 -> 0 | F8: =F6 -> 5
B9: 햄스트링 스트레칭 | D9: 1 | E9: 0 | F9: 1
D10: 2 | E10: =E9 -> 0 | F10: =F9 -> 1
D11: 3 | E11: =E9 -> 0 | F11: =F9 -> 1
D12: 1 | E12: 0 | F12: 0
D13: 2 | E13: =E12 -> 0 | F13: =F12 -> 0
D14: 3 | E14: =E12 -> 0 | F14: =F12 -> 0
A15: 상체 운동 전 | B15: 푸쉬업 플러스 (전거근) | D15: 1 | E15: 0 | F15: 1
D16: 2 | E16: =E15 -> 0 | F16: =F15 -> 1
D17: 3 | E17: =E15 -> 0 | F17: =F15 -> 1
B18: 윌 슬라이드 (전거근) | D18: 1 | E18: 0 | F18: 1
D19: 2 | E19: =E18 -> 0 | F19: =F18 -> 1
D20: 3 | E20: =E18 -> 0 | F20: =F18 -> 1
B21: 견갑골 모빌리티 | D21: 1 | E21: 0 | F21: 1
A24: 추가 스트레칭 | D24: 1 | E24: 0 | F24: 1
D25: 2 | E25: =E24 -> 0 | F25: =F24 -> 1
D26: 3 | E26: =E24 -> 0 | F26: =F24 -> 1
D27: 1 | E27: 0 | F27: 1
D28: 2 | E28: =E27 -> 0 | F28: =F27 -> 1
D29: 3 | E29: =E27 -> 0 | F29: =F27 -> 1
D30: 1 | E30: 0 | F30: 1
D31: 2 | E31: =E30 -> 0 | F31: =F30 -> 1
D32: 3 | E32: =E30 -> 0 | F32: =F30 -> 1
D33: 1 | E33: 0 | F33: 1
D34: 2 | E34: =E33 -> 0 | F34: =F33 -> 1
D35: 3 | E35: =E33 -> 0 | F35: =F33 -> 1

Sheet 무분할 프로그램(1~4주차)
A1: 무분할 프로그램 | C1: 특이사항 | E1: *작성 팁* 수업 전 체크해야할 회원님의 특이사항 / 해당 프로그램 사용 시 달성 목표를 기입
A2: 운동명/반복구간 | C2: 세트 | D2: 중량 | E2: 목표 | F2: 성공 | G2: RPE | H2: V/A | I2: 속도 | J2: 휴식 | K2: 체크리스트 | M2: 메모
A3: 날짜 | B3: 46027 | C3: 당일 컨디션 | E3: 최상 | F3: FALSE | G3: 상 | H3: FALSE | I3: 중 | J3: TRUE | K3: 하 | L3: FALSE | M3: 수업 | N3: TRUE | O3: 과제 | P3: FALSE
A4: 벤치프레스 | C4: 1 | D4: 40 | E4: =TEST!F3 -> 8.6666667 | F4: 12 | H4: =iferror(C6*D6*(F4+F5+F6),0) -> 4080 | I4: 2 | J4: 60 | K4: 자세 | L4: FALSE | M4: 줄 바꿈 = alt + enter
C5: 2 | D5: =D4 -> 40 | E5: =E4 -> 8.6666667 | F5: 12 | H5: =iferror(AVERAGE(F4:F6),0) -> 11.333333 | I5: 0 | K5: 속도 | L5: FALSE
A6: 0 | B6: 100 | C6: 3 | D6: =D4 -> 40 | E6: =E4 -> 8.6666667 | F6: 10 | I6: 1 | K6: ROM | L6: FALSE
A7: 스미스머신 벤치프레스 | C7: 1 | D7: 0 | E7: 0 | H7: =iferror(C9*D9*(F7+F8+F9),0) -> 0 | I7: 2 | J7: 60 | K7: 자세 | L7: FALSE
C8: 2 | D8: =D7 -> 0 | E8: =E7 -> 0 | H8: =iferror(AVERAGE(F7:F9),0) -> 0 | I8: 0 | K8: 속도 | L8: FALSE
A9: 8 | B9: 12 | C9: 3 | D9: =D7 -> 0 | E9: =E7 -> 0 | I9: 1 | K9: ROM | L9: FALSE
A10: 풀업 | C10: 1 | D10: 0 | E10: 0 | F10: 8 | H10: =iferror(C12*D12*(F10+F11+F12),0) -> 0 | I10: 2 | J10: 60 | K10: 자세 | L10: FALSE
C11: 2 | D11: =D10 -> 0 | E11: =E10 -> 0 | F11: 8 | H11: =iferror(AVERAGE(F10:F12),0) -> 8 | I11: 1 | K11: 속도 | L11: FALSE
A12: 8 | B12: 12 | C12: 3 | D12: =D10 -> 0 | E12: =E10 -> 0 | I12: 1 | K12: ROM | L12: FALSE
A13: 케이블로우 | C13: 1 | D13: 0 | E13: 0 | H13: =iferror(C15*D15*(F13+F14+F15),0) -> 0 | I13: 2 | J13: 60 | K13: 자세 | L13: FALSE
C14: 2 | D14: =D13 -> 0 | E14: =E13 -> 0 | H14: =iferror(AVERAGE(F13:F15),0) -> 0 | I14: 0 | K14: 속도 | L14: FALSE
A15: 8 | B15: 12 | C15: 3 | D15: =D13 -> 0 | E15: =E13 -> 0 | I15: 1 | K15: ROM | L15: FALSE
A16: 스쿼트 | C16: 1 | D16: 80 | E16: 0 | F16: 8 | H16: =iferror(C18*D18*(F16+F17+F18),0) -> 5760 | I16: 3 | J16: 90 | K16: 자세 | L16: FALSE
C17: 2 | D17: =D16 -> 80 | E17: =E16 -> 0 | F17: 8 | H17: =iferror(AVERAGE(F16:F18),0) -> 8 | I17: 1 | K17: 속도 | L17: FALSE
A18: 8 | B18: 12 | C18: 3 | D18: =D16 -> 80 | E18: =E16 -> 0 | F18: 8 | I18: 2 | K18: ROM | L18: FALSE
A19: 데드리프트 | C19: 1 | D19: 80 | E19: 0 | F19: 8 | H19: =iferror(C21*D21*(F19+F20+F21),0) -> 5280 | I19: 2 | J19: 60 | K19: 자세 | L19: FALSE
C20: 2 | D20: =D19 -> 80 | E20: =E19 -> 0 | F20: 8 | H20: =iferror(AVERAGE(F19:F21),0) -> 7.3333333 | I20: 0 | K20: 속도 | L20: FALSE
A21: 8 | B21: 12 | C21: 3 | D21: =D19 -> 80 | E21: =E19 -> 0 | F21: 6 | I21: 1 | K21: ROM | L21: FALSE
A22: 힙쓰러스트 | C22: 1 | D22: 0 | E22: 0 | H22: =iferror(C24*D24*(F22+F23+F24),0) -> 0 | I22: 2 | J22: 90 | K22: 자세 | L22: FALSE
C23: 2 | D23: =D22 -> 0 | E23: =E22 -> 0 | H23: =iferror(AVERAGE(F22:F24),0) -> 0 | I23: 0 | K23: 속도 | L23: FALSE
A24: 8 | B24: 12 | C24: 3 | D24: =D22 -> 0 | E24: =E22 -> 0 | I24: 1 | K24: ROM | L24: FALSE
A25: 힙익스텐션 | C25: 1 | D25: 0 | E25: 0 | H25: =iferror(C27*D27*(F25+F26+F27),0) -> 0 | I25: 2 | J25: 60 | K25: 자세 | L25: FALSE
C26: 2 | D26: =D25 -> 0 | E26: =E25 -> 0 | H26: =iferror(AVERAGE(F25:F27),0) -> 0 | I26: 0 | K26: 속도 | L26: FALSE
A27: 8 | B27: 12 | C27: 3 | D27: =D25 -> 0 | E27: =E25 -> 0 | I27: 1 | K27: ROM | L27: FALSE
A28: 덤벨컬 | C28: 1 | D28: 0 | E28: 0 | H28: =iferror(C30*D30*(F28+F29+F30),0) -> 0 | I28: 2 | J28: 60 | K28: 자세 | L28: FALSE
C29: 2 | D29: =D28 -> 0 | E29: =E28 -> 0 | H29: =iferror(AVERAGE(F28:F30),0) -> 0 | I29: 0 | K29: 속도 | L29: FALSE
A30: 8 | B30: 12 | C30: 3 | D30: =D28 -> 0 | E30: =E28 -> 0 | I30: 1 | K30: ROM | L30: FALSE
A31: 케이블 푸쉬다운 | C31: 1 | D31: 0 | E31: 0 | H31: =iferror(C33*D33*(F31+F32+F33),0) -> 0 | I31: 2 | J31: 60 | K31: 자세 | L31: FALSE
C32: 2 | D32: =D31 -> 0 | E32: =E31 -> 0 | H32: =iferror(AVERAGE(F31:F33),0) -> 0 | I32: 0 | K32: 속도 | L32: FALSE
A33: 8 | B33: 12 | C33: 3 | D33: =D31 -> 0 | E33: =E31 -> 0 | I33: 1 | K33: ROM | L33: FALSE
A34: 수업 코멘트
A38: 날짜 | B38: 46029 | C38: 당일 컨디션 | E38: 최상 | F38: FALSE | G38: 상 | H38: FALSE | I38: 중 | J38: TRUE | K38: 하 | L38: FALSE | M38: 수업 | N38: TRUE | O38: 과제 | P38: FALSE
A39: 벤치프레스 | C39: 1 | D39: 40 | E39: 10 | F39: 12 | H39: =iferror(C41*D41*(F39+F40+F41),0) -> 2640 | I39: 2 | J39: 60 | K39: 자세 | L39: FALSE | M39: 줄 바꿈 = alt + enter
C40: 2 | D40: =D39 -> 40 | E40: =E39 -> 10 | F40: 10 | H40: =iferror(AVERAGE(F39:F41),0) -> 11 | I40: 0 | K40: 속도 | L40: FALSE
A41: 0 | B41: 100 | C41: 3 | D41: =D39 -> 40 | E41: =E39 -> 10 | I41: 1 | K41: ROM | L41: FALSE
A42: 스미스머신 벤치프레스 | C42: 1 | D42: 0 | E42: 0 | H42: =iferror(C44*D44*(F42+F43+F44),0) -> 0 | I42: 2 | J42: 60 | K42: 자세 | L42: FALSE
C43: 2 | D43: =D42 -> 0 | E43: =E42 -> 0 | H43: =iferror(AVERAGE(F42:F44),0) -> 0 | I43: 0 | K43: 속도 | L43: FALSE
A44: 8 | B44: 12 | C44: 3 | D44: =D42 -> 0 | E44: =E42 -> 0 | I44: 1 | K44: ROM | L44: FALSE
A45: 랫풀다운 | C45: 1 | D45: 36 | E45: 0 | F45: 12 | H45: =iferror(C47*D47*(F45+F46+F47),0) -> 3672 | I45: 2 | J45: 60 | K45: 자세 | L45: FALSE | M45: 막 셋 - 42kg
C46: 2 | D46: =D45 -> 36 | E46: =E45 -> 0 | F46: 12 | H46: =iferror(AVERAGE(F45:F47),0) -> 11.333333 | I46: 1 | K46: 속도 | L46: FALSE
A47: 8 | B47: 12 | C47: 3 | D47: =D45 -> 36 | E47: =E45 -> 0 | F47: 10 | I47: 1 | K47: ROM | L47: FALSE
A48: 바벨로우 | C48: 1 | D48: 30 | E48: 0 | F48: 12 | H48: =iferror(C50*D50*(F48+F49+F50),0) -> 3240 | I48: 2 | J48: 60 | K48: 자세 | L48: FALSE
C49: 2 | D49: =D48 -> 30 | E49: =E48 -> 0 | F49: 12 | H49: =iferror(AVERAGE(F48:F50),0) -> 12 | I49: 0 | K49: 속도 | L49: FALSE
A50: 8 | B50: 12 | C50: 3 | D50: =D48 -> 30 | E50: =E48 -> 0 | F50: 12 | I50: 1 | K50: ROM | L50: FALSE
A51: 스쿼트 | C51: 1 | D51: 80 | E51: 0 | H51: =iferror(C53*D53*(F51+F52+F53),0) -> 0 | I51: 3 | J51: 90 | K51: 자세 | L51: FALSE
C52: 2 | D52: =D51 -> 80 | E52: =E51 -> 0 | H52: =iferror(AVERAGE(F51:F53),0) -> 0 | I52: 1 | K52: 속도 | L52: FALSE
A53: 8 | B53: 12 | C53: 3 | D53: =D51 -> 80 | E53: =E51 -> 0 | I53: 2 | K53: ROM | L53: FALSE
A54: 데드리프트 | C54: 1 | D54: 80 | E54: 0 | H54: =iferror(C56*D56*(F54+F55+F56),0) -> 0 | I54: 2 | J54: 60 | K54: 자세 | L54: FALSE
C55: 2 | D55: =D54 -> 80 | E55: =E54 -> 0 | H55: =iferror(AVERAGE(F54:F56),0) -> 0 | I55: 0 | K55: 속도 | L55: FALSE
A56: 8 | B56: 12 | C56: 3 | D56: =D54 -> 80 | E56: =E54 -> 0 | I56: 1 | K56: ROM | L56: FALSE
A57: 런지 | C57: 1 | D57: 0 | E57: 0 | F57: 10 | H57: =iferror(C59*D59*(F57+F58+F59),0) -> 0 | I57: 2 | J57: 90 | K57: 자세 | L57: FALSE
C58: 2 | D58: =D57 -> 0 | E58: =E57 -> 0 | F58: 10 | H58: =iferror(AVERAGE(F57:F59),0) -> 10 | I58: 0 | K58: 속도 | L58: FALSE
A59: 8 | B59: 12 | C59: 3 | D59: =D57 -> 0 | E59: =E57 -> 0 | F59: 10 | I59: 1 | K59: ROM | L59: FALSE
A60: 힙익스텐션 | C60: 1 | D60: 0 | E60: 0 | H60: =iferror(C62*D62*(F60+F61+F62),0) -> 0 | I60: 2 | J60: 60 | K60: 자세 | L60: FALSE
C61: 2 | D61: =D60 -> 0 | E61: =E60 -> 0 | H61: =iferror(AVERAGE(F60:F62),0) -> 0 | I61: 0 | K61: 속도 | L61: FALSE
A62: 8 | B62: 12 | C62: 3 | D62: =D60 -> 0 | E62: =E60 -> 0 | I62: 1 | K62: ROM | L62: FALSE
A63: 덤벨컬 | C63: 1 | D63: 0 | E63: 0 | H63: =iferror(C65*D65*(F63+F64+F65),0) -> 0 | I63: 2 | J63: 60 | K63: 자세 | L63: FALSE
C64: 2 | D64: =D63 -> 0 | E64: =E63 -> 0 | H64: =iferror(AVERAGE(F63:F65),0) -> 0 | I64: 0 | K64: 속도 | L64: FALSE
A65: 8 | B65: 12 | C65: 3 | D65: =D63 -> 0 | E65: =E63 -> 0 | I65: 1 | K65: ROM | L65: FALSE
A66: 케이블 푸쉬다운 | C66: 1 | D66: 0 | E66: 0 | H66: =iferror(C68*D68*(F66+F67+F68),0) -> 0 | I66: 2 | J66: 60 | K66: 자세 | L66: FALSE
C67: 2 | D67: =D66 -> 0 | E67: =E66 -> 0 | H67: =iferror(AVERAGE(F66:F68),0) -> 0 | I67: 0 | K67: 속도 | L67: FALSE
A68: 8 | B68: 12 | C68: 3 | D68: =D66 -> 0 | E68: =E66 -> 0 | I68: 1 | K68: ROM | L68: FALSE
A69: 수업 코멘트
A73: 날짜 | B73: 46031 | C73: 당일 컨디션 | E73: 최상 | F73: FALSE | G73: 상 | H73: FALSE | I73: 중 | J73: FALSE | K73: 하 | L73: FALSE | M73: 수업 | N73: TRUE | O73: 과제 | P73: FALSE
A74: 벤치프레스 | C74: 1 | D74: 40 | E74: 10 | H74: =iferror(C76*D76*(F74+F75+F76),0) -> 0 | I74: 2 | J74: 60 | K74: 자세 | L74: FALSE | M74: 줄 바꿈 = alt + enter
C75: 2 | D75: =D74 -> 40 | E75: =E74 -> 10 | H75: =iferror(AVERAGE(F74:F76),0) -> 0 | I75: 0 | K75: 속도 | L75: FALSE
A76: 0 | B76: 100 | C76: 3 | D76: =D74 -> 40 | E76: =E74 -> 10 | I76: 1 | K76: ROM | L76: FALSE
A77: 스미스머신 벤치프레스 | C77: 1 | D77: 0 | E77: 0 | H77: =iferror(C79*D79*(F77+F78+F79),0) -> 0 | I77: 2 | J77: 60 | K77: 자세 | L77: FALSE
C78: 2 | D78: =D77 -> 0 | E78: =E77 -> 0 | H78: =iferror(AVERAGE(F77:F79),0) -> 0 | I78: 0 | K78: 속도 | L78: FALSE
A79: 8 | B79: 12 | C79: 3 | D79: =D77 -> 0 | E79: =E77 -> 0 | I79: 1 | K79: ROM | L79: FALSE
A80: 랫풀다운 | C80: 1 | D80: 42 | E80: 0 | F80: 10 | H80: =iferror(C82*D82*(F80+F81+F82),0) -> 3780 | I80: 2 | J80: 60 | K80: 자세 | L80: FALSE | M80: 맥그립
C81: 2 | D81: =D80 -> 42 | E81: =E80 -> 0 | F81: 10 | H81: =iferror(AVERAGE(F80:F82),0) -> 10 | I81: 1 | K81: 속도 | L81: FALSE
A82: 8 | B82: 12 | C82: 3 | D82: =D80 -> 42 | E82: =E80 -> 0 | F82: 10 | I82: 1 | K82: ROM | L82: FALSE
A83: 케이블로우 | C83: 1 | D83: 54 | E83: 0 | F83: 10 | H83: =iferror(C85*D85*(F83+F84+F85),0) -> 4860 | I83: 2 | J83: 60 | K83: 자세 | L83: FALSE
C84: 2 | D84: =D83 -> 54 | E84: =E83 -> 0 | F84: 10 | H84: =iferror(AVERAGE(F83:F85),0) -> 10 | I84: 0 | K84: 속도 | L84: FALSE
A85: 8 | B85: 12 | C85: 3 | D85: =D83 -> 54 | E85: =E83 -> 0 | F85: 10 | I85: 1 | K85: ROM | L85: FALSE
A86: 스쿼트 | C86: 1 | D86: 80 | E86: 0 | F86: 7 | H86: =iferror(C88*D88*(F86+F87+F88),0) -> 5520 | I86: 3 | J86: 90 | K86: 자세 | L86: FALSE
C87: 2 | D87: =D86 -> 80 | E87: =E86 -> 0 | F87: 8 | H87: =iferror(AVERAGE(F86:F88),0) -> 7.6666667 | I87: 1 | K87: 속도 | L87: FALSE
A88: 8 | B88: 12 | C88: 3 | D88: =D86 -> 80 | E88: =E86 -> 0 | F88: 8 | I88: 2 | K88: ROM | L88: FALSE
A89: 데드리프트 | C89: 1 | D89: 80 | E89: 0 | H89: =iferror(C91*D91*(F89+F90+F91),0) -> 0 | I89: 2 | J89: 60 | K89: 자세 | L89: FALSE
C90: 2 | D90: =D89 -> 80 | E90: =E89 -> 0 | H90: =iferror(AVERAGE(F89:F91),0) -> 0 | I90: 0 | K90: 속도 | L90: FALSE
A91: 8 | B91: 12 | C91: 3 | D91: =D89 -> 80 | E91: =E89 -> 0 | I91: 1 | K91: ROM | L91: FALSE
A92: 런지 | C92: 1 | D92: 0 | E92: 0 | H92: =iferror(C94*D94*(F92+F93+F94),0) -> 0 | I92: 2 | J92: 90 | K92: 자세 | L92: FALSE
C93: 2 | D93: =D92 -> 0 | E93: =E92 -> 0 | H93: =iferror(AVERAGE(F92:F94),0) -> 0 | I93: 0 | K93: 속도 | L93: FALSE
A94: 8 | B94: 12 | C94: 3 | D94: =D92 -> 0 | E94: =E92 -> 0 | I94: 1 | K94: ROM | L94: FALSE
A95: 힙익스텐션 | C95: 1 | D95: 0 | E95: 0 | H95: =iferror(C97*D97*(F95+F96+F97),0) -> 0 | I95: 2 | J95: 60 | K95: 자세 | L95: FALSE
C96: 2 | D96: =D95 -> 0 | E96: =E95 -> 0 | H96: =iferror(AVERAGE(F95:F97),0) -> 0 | I96: 0 | K96: 속도 | L96: FALSE
A97: 8 | B97: 12 | C97: 3 | D97: =D95 -> 0 | E97: =E95 -> 0 | I97: 1 | K97: ROM | L97: FALSE
A98: 덤벨컬 | C98: 1 | D98: 0 | E98: 0 | H98: =iferror(C100*D100*(F98+F99+F100),0) -> 0 | I98: 2 | J98: 60 | K98: 자세 | L98: FALSE
C99: 2 | D99: =D98 -> 0 | E99: =E98 -> 0 | H99: =iferror(AVERAGE(F98:F100),0) -> 0 | I99: 0 | K99: 속도 | L99: FALSE
A100: 8 | B100: 12 | C100: 3 | D100: =D98 -> 0 | E100: =E98 -> 0 | I100: 1 | K100: ROM | L100: FALSE
A101: KB swing | C101: 1 | D101: 20 | E101: 0 | F101: 20 | H101: =iferror(C103*D103*(F101+F102+F103),0) -> 3600 | I101: 2 | J101: 60 | K101: 자세 | L101: FALSE
C102: 2 | D102: =D101 -> 20 | E102: =E101 -> 0 | F102: 20 | H102: =iferror(AVERAGE(F101:F103),0) -> 20 | I102: 0 | K102: 속도 | L102: FALSE
A103: 8 | B103: 12 | C103: 3 | D103: =D101 -> 20 | E103: =E101 -> 0 | F103: 20 | I103: 1 | K103: ROM | L103: FALSE
A104: 수업 코멘트
A108: 날짜 | B108: 46034 | C108: 당일 컨디션 | E108: 최상 | F108: FALSE | G108: 상 | H108: FALSE | I108: 중 | J108: FALSE | K108: 하 | L108: FALSE | M108: 수업 | N108: TRUE | O108: 과제 | P108: FALSE
A109: 벤치프레스 | C109: 1 | D109: 40 | E109: 10 | F109: 12 | H109: =iferror(C111*D111*(F109+F110+F111),0) -> 4320 | I109: 2 | J109: 60 | K109: 자세 | L109: FALSE | M109: 줄 바꿈 = alt + enter
...

Sheet 2분할 프로그램(5~8주차)
A1: 2분할 상체 | C1: 특이사항 | E1: *작성 팁* 수업 전 체크해야할 회원님의 특이사항 / 해당 프로그램 사용 시 달성 목표를 기입 | R1: 2분할 하체 | T1: 특이사항 | V1: *작성 팁* 수업 전 체크해야할 회원님의 특이사항 / 해당 프로그램 사용 시 달성 목표를 기입
A2: 운동명/반복구간 | C2: 세트 | D2: 중량 | E2: 목표 | F2: 성공 | G2: RPE | H2: V/A | I2: 속도 | J2: 휴식 | K2: 체크리스트 | M2: 메모 | R2: 운동명/반복구간 | T2: 세트 | U2: 중량 | V2: 목표 | W2: 성공 | X2: RPE | Y2: V/A | Z2: 속도 | AA2: 휴식 | AB2: 체크리스트 | AD2: 메모
A3: 날짜 | B3: 46055 | C3: 당일 컨디션 | E3: 최상 | F3: FALSE | G3: 상 | H3: FALSE | I3: 중 | J3: FALSE | K3: 하 | L3: FALSE | M3: 수업 | N3: FALSE | O3: 과제 | P3: FALSE | R3: 날짜 | S3: 46057 | T3: 당일 컨디션 | V3: 최상 | W3: FALSE | X3: 상 | Y3: FALSE | Z3: 중 | AA3: FALSE | AB3: 하 | AC3: FALSE | AD3: 수업 | AE3: FALSE | AF3: 과제 | AG3: FALSE
A4: 벤치프레스 | C4: 1 | D4: 50 | E4: 0 | F4: 12 | H4: =iferror(C6*D6*(F4+F5+F6),0) -> 5250 | I4: 2 | J4: 60 | K4: 자세 | L4: FALSE | M4: 줄 바꿈 = alt + enter | R4: 스쿼트 | T4: 1 | U4: 80 | V4: 0 | W4: 10 | Y4: =iferror(T6*U6*(W4+W5+W6),0) -> 7200 | Z4: 2 | AA4: 90 | AB4: 자세 | AC4: FALSE | AD4: 줄 바꿈 = alt + enter
C5: 2 | D5: =D4 -> 50 | E5: =E4 -> 0 | F5: 12 | H5: =iferror(AVERAGE(F4:F6),0) -> 11.666667 | I5: 0 | K5: 속도 | L5: FALSE | T5: 2 | U5: =U4 -> 80 | V5: =V4 -> 0 | W5: 10 | Y5: =iferror(AVERAGE(W4:W6),0) -> 10 | Z5: 1 | AB5: 속도 | AC5: FALSE
A6: 8 | B6: 12 | C6: 3 | D6: =D4 -> 50 | E6: =E4 -> 0 | F6: 11 | I6: 1 | K6: ROM | L6: FALSE | R6: 6 | S6: 10 | T6: 3 | U6: =U4 -> 80 | V6: =V4 -> 0 | W6: 10 | Z6: 2 | AB6: ROM | AC6: FALSE
A7: 덤벨 인클 벤치 | C7: 1 | D7: 9 | E7: 0 | F7: 15 | H7: =iferror(C9*D9*(F7+F8+F9),0) -> 1215 | I7: 2 | J7: 60 | K7: 자세 | L7: FALSE | R7: 스미스머신 런지 | T7: 1 | U7: 0 | V7: 0 | Y7: =iferror(T9*U9*(W7+W8+W9),0) -> 0 | Z7: 2 | AA7: 60 | AB7: 자세 | AC7: FALSE
C8: 2 | D8: =D7 -> 9 | E8: =E7 -> 0 | F8: 15 | H8: =iferror(AVERAGE(F7:F9),0) -> 15 | I8: 0 | K8: 속도 | L8: FALSE | T8: 2 | U8: =U7 -> 0 | V8: =V7 -> 0 | Y8: =iferror(AVERAGE(W7:W9),0) -> 0 | Z8: 0 | AB8: 속도 | AC8: FALSE
A9: 0 | B9: 100 | C9: 3 | D9: =D7 -> 9 | E9: =E7 -> 0 | F9: 15 | I9: 1 | K9: ROM | L9: FALSE | R9: 8 | S9: 12 | T9: 3 | U9: =U7 -> 0 | V9: =V7 -> 0 | Z9: 1 | AB9: ROM | AC9: FALSE
A10: 케이블 크로스오버 | C10: 1 | D10: 0 | E10: 0 | H10: =iferror(C12*D12*(F10+F11+F12),0) -> 0 | I10: 2 | J10: 60 | K10: 자세 | L10: FALSE | R10: 레그프레스 | T10: 1 | U10: 40 | V10: 0 | W10: 15 | Y10: =iferror(T12*U12*(W10+W11+W12),0) -> 6600 | Z10: 2 | AA10: 60 | AB10: 자세 | AC10: FALSE
C11: 2 | D11: =D10 -> 0 | E11: =E10 -> 0 | H11: =iferror(AVERAGE(F10:F12),0) -> 0 | I11: 1 | K11: 속도 | L11: FALSE | T11: 2 | U11: =U10 -> 40 | V11: =V10 -> 0 | W11: 20 | Y11: =iferror(AVERAGE(W10:W12),0) -> 18.333333 | Z11: 0 | AB11: 속도 | AC11: FALSE
A12: 12 | B12: 20 | C12: 3 | D12: =D10 -> 0 | E12: =E10 -> 0 | I12: 1 | K12: ROM | L12: FALSE | R12: 8 | S12: 12 | T12: 3 | U12: =U10 -> 40 | V12: =V10 -> 0 | W12: 20 | Z12: 1 | AB12: ROM | AC12: FALSE
A13: 밴드 풀업 | C13: 1 | D13: 0 | E13: 0 | F13: 8 | H13: =iferror(C15*D15*(F13+F14+F15),0) -> 0 | I13: 2 | J13: 60 | K13: 자세 | L13: FALSE | R13: 루마니안 데드리프트 | T13: 1 | U13: 80 | V13: 0 | Y13: =iferror(T15*U15*(W13+W14+W15),0) -> 0 | Z13: 2 | AA13: 60 | AB13: 자세 | AC13: FALSE
C14: 2 | D14: =D13 -> 0 | E14: =E13 -> 0 | F14: 10 | H14: =iferror(AVERAGE(F13:F15),0) -> 9 | I14: 1 | K14: 속도 | L14: FALSE | T14: 2 | U14: =U13 -> 80 | V14: =V13 -> 0 | Y14: =iferror(AVERAGE(W13:W15),0) -> 0 | Z14: 1 | AB14: 속도 | AC14: FALSE
A15: 8 | B15: 12 | C15: 3 | D15: =D13 -> 0 | E15: =E13 -> 0 | I15: 1 | K15: ROM | L15: FALSE | R15: 8 | S15: 12 | T15: 3 | U15: =U13 -> 80 | V15: =V13 -> 0 | Z15: 1 | AB15: ROM | AC15: FALSE
A16: 바벨로우 | C16: 1 | D16: 50 | E16: 0 | F16: 10 | H16: =iferror(C18*D18*(F16+F17+F18),0) -> 4500 | I16: 2 | J16: 60 | K16: 자세 | L16: FALSE | R16: 레그 익스텐션 | T16: 1 | U16: 45 | V16: 0 | W16: 15 | Y16: =iferror(T18*U18*(W16+W17+W18),0) -> 6075 | Z16: 2 | AB16: 자세 | AC16: FALSE
C17: 2 | D17: =D16 -> 50 | E17: =E16 -> 0 | F17: 10 | H17: =iferror(AVERAGE(F16:F18),0) -> 10 | I17: 1 | K17: 속도 | L17: FALSE | T17: 2 | U17: =U16 -> 45 | V17: =V16 -> 0 | W17: 15 | Y17: =iferror(AVERAGE(W16:W18),0) -> 15 | Z17: 0 | AB17: 속도 | AC17: FALSE
A18: 8 | B18: 12 | C18: 3 | D18: =D16 -> 50 | E18: =E16 -> 0 | F18: 10 | I18: 1 | K18: ROM | L18: FALSE | R18: 10 | S18: 15 | T18: 3 | U18: =U16 -> 45 | V18: =V16 -> 0 | W18: 15 | Z18: 1 | AB18: ROM | AC18: FALSE
A19: 암풀다운 | C19: 1 | D19: 0 | E19: 0 | H19: =iferror(C21*D21*(F19+F20+F21),0) -> 0 | I19: 2 | J19: 60 | K19: 자세 | L19: FALSE | R19: 레그 컬 | T19: 1 | U19: 45 | V19: 0 | W19: 15 | Y19: =iferror(T21*U21*(W19+W20+W21),0) -> 4050 | AA19: 60 | AB19: 자세 | AC19: FALSE
C20: 2 | D20: =D19 -> 0 | E20: =E19 -> 0 | H20: =iferror(AVERAGE(F19:F21),0) -> 0 | I20: 1 | K20: 속도 | L20: FALSE | T20: 2 | U20: =U19 -> 45 | V20: =V19 -> 0 | W20: 15 | Y20: =iferror(AVERAGE(W19:W21),0) -> 15 | AB20: 속도 | AC20: FALSE
A21: 12 | B21: 20 | C21: 3 | D21: =D19 -> 0 | E21: =E19 -> 0 | I21: 1 | K21: ROM | L21: FALSE | R21: 10 | S21: 15 | T21: 3 | U21: =U19 -> 45 | V21: =V19 -> 0 | AB21: ROM | AC21: FALSE
A22: 덤벨 숄더 프레스 | C22: 1 | D22: 0 | E22: 0 | H22: =iferror(C24*D24*(F22+F23+F24),0) -> 0 | I22: 2 | J22: 60 | K22: 자세 | L22: FALSE | T22: 1 | U22: 0 | V22: 0 | Y22: =iferror(T24*U24*(W22+W23+W24),0) -> 0 | AB22: 자세 | AC22: FALSE
C23: 2 | D23: =D22 -> 0 | E23: =E22 -> 0 | H23: =iferror(AVERAGE(F22:F24),0) -> 0 | I23: 0 | K23: 속도 | L23: FALSE | T23: 2 | U23: =U22 -> 0 | V23: =V22 -> 0 | Y23: =iferror(AVERAGE(W22:W24),0) -> 0 | AB23: 속도 | AC23: FALSE
A24: 8 | B24: 12 | C24: 3 | D24: =D22 -> 0 | E24: =E22 -> 0 | I24: 1 | K24: ROM | L24: FALSE | R24: 8 | S24: 12 | T24: 3 | U24: =U22 -> 0 | V24: =V22 -> 0 | AB24: ROM | AC24: FALSE
A25: 레터럴 레이즈 | C25: 1 | D25: 0 | E25: 0 | H25: =iferror(C27*D27*(F25+F26+F27),0) -> 0 | I25: 2 | J25: 60 | K25: 자세 | L25: FALSE | T25: 1 | U25: 0 | V25: 0 | Y25: =iferror(T27*U27*(W25+W26+W27),0) -> 0 | AB25: 자세 | AC25: FALSE
C26: 2 | D26: =D25 -> 0 | E26: =E25 -> 0 | H26: =iferror(AVERAGE(F25:F27),0) -> 0 | I26: 0 | K26: 속도 | L26: FALSE | T26: 2 | U26: =U25 -> 0 | V26: =V25 -> 0 | Y26: =iferror(AVERAGE(W25:W27),0) -> 0 | AB26: 속도 | AC26: FALSE
A27: 12 | B27: 20 | C27: 3 | D27: =D25 -> 0 | E27: =E25 -> 0 | I27: 1 | K27: ROM | L27: FALSE | R27: 12 | S27: 20 | T27: 3 | U27: =U25 -> 0 | V27: =V25 -> 0 | AB27: ROM | AC27: FALSE
A28: 덤벨컬 | C28: 1 | D28: 0 | E28: 0 | H28: =iferror(C30*D30*(F28+F29+F30),0) -> 0 | I28: 2 | J28: 60 | K28: 자세 | L28: FALSE | T28: 1 | U28: 0 | V28: 0 | Y28: =iferror(T30*U30*(W28+W29+W30),0) -> 0 | AB28: 자세 | AC28: FALSE
C29: 2 | D29: =D28 -> 0 | E29: =E28 -> 0 | H29: =iferror(AVERAGE(F28:F30),0) -> 0 | I29: 0 | K29: 속도 | L29: FALSE | T29: 2 | U29: =U28 -> 0 | V29: =V28 -> 0 | Y29: =iferror(AVERAGE(W28:W30),0) -> 0 | AB29: 속도 | AC29: FALSE
A30: 8 | B30: 12 | C30: 3 | D30: =D28 -> 0 | E30: =E28 -> 0 | I30: 1 | K30: ROM | L30: FALSE | T30: 3 | U30: =U28 -> 0 | V30: =V28 -> 0 | AB30: ROM | AC30: FALSE
A31: 케이블 푸쉬 다운 | C31: 1 | D31: 0 | E31: 0 | H31: =iferror(C33*D33*(F31+F32+F33),0) -> 0 | I31: 2 | J31: 60 | K31: 자세 | L31: FALSE | T31: 1 | U31: 0 | V31: 0 | Y31: =iferror(T33*U33*(W31+W32+W33),0) -> 0 | AB31: 자세 | AC31: FALSE
C32: 2 | D32: =D31 -> 0 | E32: =E31 -> 0 | H32: =iferror(AVERAGE(F31:F33),0) -> 0 | I32: 0 | K32: 속도 | L32: FALSE | T32: 2 | U32: =U31 -> 0 | V32: =V31 -> 0 | Y32: =iferror(AVERAGE(W31:W33),0) -> 0 | AB32: 속도 | AC32: FALSE
A33: 8 | B33: 12 | C33: 3 | D33: =D31 -> 0 | E33: =E31 -> 0 | I33: 1 | K33: ROM | L33: FALSE | T33: 3 | U33: =U31 -> 0 | V33: =V31 -> 0 | AB33: ROM | AC33: FALSE
A34: 수업 코멘트 | R34: 수업 코멘트
A38: 날짜 | B38: 46062 | C38: 당일 컨디션 | E38: 최상 | F38: FALSE | G38: 상 | H38: FALSE | I38: 중 | J38: FALSE | K38: 하 | L38: FALSE | M38: 수업 | N38: FALSE | O38: 과제 | P38: FALSE | R38: 날짜 | S38: 46064 | T38: 당일 컨디션 | V38: 최상 | W38: FALSE | X38: 상 | Y38: FALSE | Z38: 중 | AA38: FALSE | AB38: 하 | AC38: FALSE | AD38: 수업 | AE38: FALSE | AF38: 과제 | AG38: FALSE
A39: 벤치프레스 | C39: 1 | D39: 60 | E39: 0 | F39: 8 | H39: =iferror(C41*D41*(F39+F40+F41),0) -> 4320 | I39: 2 | J39: 60 | K39: 자세 | L39: FALSE | M39: 1rm 80 | R39: 스쿼트 | T39: 1 | U39: 80 | V39: 0 | W39: 11 | Y39: =iferror(T41*U41*(W39+W40+W41),0) -> 7920 | Z39: 2 | AA39: 90 | AB39: 자세 | AC39: FALSE | AD39: 1rm 105
C40: 2 | D40: =D39 -> 60 | E40: =E39 -> 0 | F40: 8 | H40: =iferror(AVERAGE(F39:F41),0) -> 8 | I40: 0 | K40: 속도 | L40: FALSE | T40: 2 | U40: =U39 -> 80 | V40: =V39 -> 0 | W40: 11 | Y40: =iferror(AVERAGE(W39:W41),0) -> 11 | Z40: 1 | AB40: 속도 | AC40: FALSE
A41: 8 | B41: 12 | C41: 3 | D41: =D39 -> 60 | E41: =E39 -> 0 | F41: 8 | I41: 1 | K41: ROM | L41: FALSE | R41: 6 | S41: 10 | T41: 3 | U41: =U39 -> 80 | V41: =V39 -> 0 | W41: 11 | Z41: 2 | AB41: ROM | AC41: FALSE
A42: 딥스 | C42: 1 | D42: 9 | E42: 0 | F42: 8 | H42: =iferror(C44*D44*(F42+F43+F44),0) -> 1026 | I42: 2 | J42: 60 | K42: 자세 | L42: FALSE | M42: 밴드 | R42: 런지 | T42: 1 | U42: 15 | V42: 0 | W42: 10 | Y42: =iferror(T44*U44*(W42+W43+W44),0) -> 900 | Z42: 2 | AA42: 60 | AB42: 자세 | AC42: FALSE
C43: 2 | D43: =D42 -> 9 | E43: =E42 -> 0 | F43: 15 | H43: =iferror(AVERAGE(F42:F44),0) -> 12.666667 | I43: 0 | K43: 속도 | L43: FALSE | T43: 2 | U43: =U42 -> 15 | V43: =V42 -> 0 | W43: 10 | Y43: =iferror(AVERAGE(W42:W44),0) -> 10 | Z43: 0 | AB43: 속도 | AC43: FALSE
A44: 0 | B44: 100 | C44: 3 | D44: =D42 -> 9 | E44: =E42 -> 0 | F44: 15 | I44: 1 | K44: ROM | L44: FALSE | R44: 8 | S44: 12 | T44: 3 | U44: =U42 -> 15 | V44: =V42 -> 0 | Z44: 1 | AB44: ROM | AC44: FALSE
A45: 케이블 크로스오버 | C45: 1 | D45: 0 | E45: 0 | H45: =iferror(C47*D47*(F45+F46+F47),0) -> 0 | I45: 2 | J45: 60 | K45: 자세 | L45: FALSE | R45: 레그프레스 | T45: 1 | U45: 40 | V45: 0 | Y45: =iferror(T47*U47*(W45+W46+W47),0) -> 0 | Z45: 2 | AA45: 60 | AB45: 자세 | AC45: FALSE
C46: 2 | D46: =D45 -> 0 | E46: =E45 -> 0 | H46: =iferror(AVERAGE(F45:F47),0) -> 0 | I46: 1 | K46: 속도 | L46: FALSE | T46: 2 | U46: =U45 -> 40 | V46: =V45 -> 0 | Y46: =iferror(AVERAGE(W45:W47),0) -> 0 | Z46: 0 | AB46: 속도 | AC46: FALSE
A47: 12 | B47: 20 | C47: 3 | D47: =D45 -> 0 | E47: =E45 -> 0 | I47: 1 | K47: ROM | L47: FALSE | R47: 8 | S47: 12 | T47: 3 | U47: =U45 -> 40 | V47: =V45 -> 0 | Z47: 1 | AB47: ROM | AC47: FALSE
A48: 랫풀다운 | C48: 1 | D48: 42 | E48: 0 | F48: 12 | H48: =iferror(C50*D50*(F48+F49+F50),0) -> 4032 | I48: 2 | J48: 60 | K48: 자세 | L48: FALSE | R48: 루마니안 데드리프트 | T48: 1 | U48: 80 | V48: 0 | Y48: =iferror(T50*U50*(W48+W49+W50),0) -> 0 | Z48: 2 | AA48: 60 | AB48: 자세 | AC48: FALSE | AD48: no strap 1rm 120 strap 1rm 135
C49: 2 | D49: =D48 -> 42 | E49: =E48 -> 0 | F49: 10 | H49: =iferror(AVERAGE(F48:F50),0) -> 10.666667 | I49: 1 | K49: 속도 | L49: FALSE | T49: 2 | U49: =U48 -> 80 | V49: =V48 -> 0 | Y49: =iferror(AVERAGE(W48:W50),0) -> 0 | Z49: 1 | AB49: 속도 | AC49: FALSE
A50: 8 | B50: 12 | C50: 3 | D50: =D48 -> 42 | E50: =E48 -> 0 | F50: 10 | I50: 1 | K50: ROM | L50: FALSE | R50: 8 | S50: 12 | T50: 3 | U50: =U48 -> 80 | V50: =V48 -> 0 | Z50: 1 | AB50: ROM | AC50: FALSE
A51: 케이블로우 | C51: 1 | D51: 72 | E51: 0 | F51: 8 | H51: =iferror(C53*D53*(F51+F52+F53),0) -> 4320 | I51: 2 | J51: 60 | K51: 자세 | L51: FALSE | R51: 레그 익스텐션 | T51: 1 | U51: 45 | V51: 0 | Y51: =iferror(T53*U53*(W51+W52+W53),0) -> 0 | Z51: 2 | AB51: 자세 | AC51: FALSE
C52: 2 | D52: =D51 -> 72 | E52: =E51 -> 0 | F52: 12 | H52: =iferror(AVERAGE(F51:F53),0) -> 10 | I52: 1 | K52: 속도 | L52: FALSE | T52: 2 | U52: =U51 -> 45 | V52: =V51 -> 0 | Y52: =iferror(AVERAGE(W51:W53),0) -> 0 | Z52: 0 | AB52: 속도 | AC52: FALSE
A53: 8 | B53: 12 | C53: 3 | D53: =D51 -> 72 | E53: =E51 -> 0 | I53: 1 | K53: ROM | L53: FALSE | R53: 10 | S53: 15 | T53: 3 | U53: =U51 -> 45 | V53: =V51 -> 0 | Z53: 1 | AB53: ROM | AC53: FALSE
A54: 암풀다운 | C54: 1 | D54: 0 | E54: 0 | H54: =iferror(C56*D56*(F54+F55+F56),0) -> 0 | I54: 2 | J54: 60 | K54: 자세 | L54: FALSE | R54: 레그 컬 | T54: 1 | U54: 45 | V54: 0 | Y54: =iferror(T56*U56*(W54+W55+W56),0) -> 0 | AA54: 60 | AB54: 자세 | AC54: FALSE
C55: 2 | D55: =D54 -> 0 | E55: =E54 -> 0 | H55: =iferror(AVERAGE(F54:F56),0) -> 0 | I55: 1 | K55: 속도 | L55: FALSE | T55: 2 | U55: =U54 -> 45 | V55: =V54 -> 0 | Y55: =iferror(AVERAGE(W54:W56),0) -> 0 | AB55: 속도 | AC55: FALSE
A56: 12 | B56: 20 | C56: 3 | D56: =D54 -> 0 | E56: =E54 -> 0 | I56: 1 | K56: ROM | L56: FALSE | R56: 10 | S56: 15 | T56: 3 | U56: =U54 -> 45 | V56: =V54 -> 0 | AB56: ROM | AC56: FALSE
A57: 덤벨 숄더 프레스 | C57: 1 | D57: 0 | E57: 0 | H57: =iferror(C59*D59*(F57+F58+F59),0) -> 0 | I57: 2 | J57: 60 | K57: 자세 | L57: FALSE | R57: OHP | T57: 1 | U57: 25 | V57: 0 | W57: 12 | Y57: =iferror(T59*U59*(W57+W58+W59),0) -> 2550 | AB57: 자세 | AC57: FALSE
C58: 2 | D58: =D57 -> 0 | E58: =E57 -> 0 | H58: =iferror(AVERAGE(F57:F59),0) -> 0 | I58: 0 | K58: 속도 | L58: FALSE | T58: 2 | U58: =U57 -> 25 | V58: =V57 -> 0 | W58: 10 | Y58: =iferror(AVERAGE(W57:W59),0) -> 11.333333 | AB58: 속도 | AC58: FALSE
A59: 8 | B59: 12 | C59: 3 | D59: =D57 -> 0 | E59: =E57 -> 0 | I59: 1 | K59: ROM | L59: FALSE | R59: 8 | S59: 12 | T59: 3 | U59: =U57 -> 25 | V59: =V57 -> 0 | W59: 12 | AB59: ROM | AC59: FALSE
A60: 레터럴 레이즈 | C60: 1 | D60: 0 | E60: 0 | H60: =iferror(C62*D62*(F60+F61+F62),0) -> 0 | I60: 2 | J60: 60 | K60: 자세 | L60: FALSE | R60: 리저스 펙덱 플라이 | T60: 1 | U60: 20 | V60: 0 | W60: 10 | Y60: =iferror(T62*U62*(W60+W61+W62),0) -> 2400 | AB60: 자세 | AC60: FALSE
C61: 2 | D61: =D60 -> 0 | E61: =E60 -> 0 | H61: =iferror(AVERAGE(F60:F62),0) -> 0 | I61: 0 | K61: 속도 | L61: FALSE | T61: 2 | U61: =U60 -> 20 | V61: =V60 -> 0 | W61: 15 | Y61: =iferror(AVERAGE(W60:W62),0) -> 13.333333 | AB61: 속도 | AC61: FALSE
A62: 12 | B62: 20 | C62: 3 | D62: =D60 -> 0 | E62: =E60 -> 0 | I62: 1 | K62: ROM | L62: FALSE | R62: 12 | S62: 20 | T62: 3 | U62: =U60 -> 20 | V62: =V60 -> 0 | W62: 15 | AB62: ROM | AC62: FALSE
A63: 덤벨컬 | C63: 1 | D63: 0 | E63: 0 | H63: =iferror(C65*D65*(F63+F64+F65),0) -> 0 | I63: 2 | J63: 60 | K63: 자세 | L63: FALSE | T63: 1 | U63: 0 | V63: 0 | Y63: =iferror(T65*U65*(W63+W64+W65),0) -> 0 | AB63: 자세 | AC63: FALSE
C64: 2 | D64: =D63 -> 0 | E64: =E63 -> 0 | H64: =iferror(AVERAGE(F63:F65),0) -> 0 | I64: 0 | K64: 속도 | L64: FALSE | T64: 2 | U64: =U63 -> 0 | V64: =V63 -> 0 | Y64: =iferror(AVERAGE(W63:W65),0) -> 0 | AB64: 속도 | AC64: FALSE
A65: 8 | B65: 12 | C65: 3 | D65: =D63 -> 0 | E65: =E63 -> 0 | I65: 1 | K65: ROM | L65: FALSE | T65: 3 | U65: =U63 -> 0 | V65: =V63 -> 0 | AB65: ROM | AC65: FALSE
A66: 케이블 푸쉬 다운 | C66: 1 | D66: 0 | E66: 0 | H66: =iferror(C68*D68*(F66+F67+F68),0) -> 0 | I66: 2 | J66: 60 | K66: 자세 | L66: FALSE | T66: 1 | U66: 0 | V66: 0 | Y66: =iferror(T68*U68*(W66+W67+W68),0) -> 0 | AB66: 자세 | AC66: FALSE
C67: 2 | D67: =D66 -> 0 | E67: =E66 -> 0 | H67: =iferror(AVERAGE(F66:F68),0) -> 0 | I67: 0 | K67: 속도 | L67: FALSE | T67: 2 | U67: =U66 -> 0 | V67: =V66 -> 0 | Y67: =iferror(AVERAGE(W66:W68),0) -> 0 | AB67: 속도 | AC67: FALSE
A68: 8 | B68: 12 | C68: 3 | D68: =D66 -> 0 | E68: =E66 -> 0 | I68: 1 | K68: ROM | L68: FALSE | T68: 3 | U68: =U66 -> 0 | V68: =V66 -> 0 | AB68: ROM | AC68: FALSE
A69: 수업 코멘트 | R69: 수업 코멘트
A73: 날짜 | B73: 46078 | C73: 당일 컨디션 | E73: 최상 | F73: FALSE | G73: 상 | H73: FALSE | I73: 중 | J73: FALSE | K73: 하 | L73: FALSE | M73: 수업 | N73: FALSE | O73: 과제 | P73: FALSE | R73: 날짜 | S73: 46080 | T73: 당일 컨디션 | V73: 최상 | W73: FALSE | X73: 상 | Y73: FALSE | Z73: 중 | AA73: FALSE | AB73: 하 | AC73: FALSE | AD73: 수업 | AE73: FALSE | AF73: 과제 | AG73: FALSE
A74: 벤치프레스 | C74: 1 | D74: 40 | E74: 0 | F74: 15 | H74: =iferror(C76*D76*(F74+F75+F76),0) -> 5400 | I74: 2 | J74: 60 | K74: 자세 | L74: FALSE | M74: 줄 바꿈 = alt + enter 템포 2/1/2 | R74: 스쿼트 | T74: 1 | U74: 60 | V74: 0 | W74: 15 | Y74: =iferror(T76*U76*(W74+W75+W76),0) -> 5400 | Z74: 2 | AA74: 90 | AB74: 자세 | AC74: FALSE | AD74: 줄 바꿈 = alt + enter
C75: 2 | D75: =D74 -> 40 | E75: =E74 -> 0 | F75: 15 | H75: =iferror(AVERAGE(F74:F76),0) -> 15 | I75: 0 | K75: 속도 | L75: FALSE | T75: 2 | U75: =U74 -> 60 | V75: =V74 -> 0 | W75: 15 | Y75: =iferror(AVERAGE(W74:W76),0) -> 15 | Z75: 1 | AB75: 속도 | AC75: FALSE
A76: 8 | B76: 12 | C76: 3 | D76: =D74 -> 40 | E76: =E74 -> 0 | F76: 15 | I76: 1 | K76: ROM | L76: FALSE | R76: 6 | S76: 10 | T76: 3 | U76: =U74 -> 60 | V76: =V74 -> 0 | Z76: 2 | AB76: ROM | AC76: FALSE
A77: 플라이 | C77: 1 | D77: 30 | E77: 0 | F77: 15 | H77: =iferror(C79*D79*(F77+F78+F79),0) -> 4050 | I77: 2 | J77: 60 | K77: 자세 | L77: FALSE | M77: 밴드 | R77: 런지 | T77: 1 | U77: 15 | V77: 0 | Y77: =iferror(T79*U79*(W77+W78+W79),0) -> 0 | Z77: 2 | AA77: 60 | AB77: 자세 | AC77: FALSE
C78: 2 | D78: =D77 -> 30 | E78: =E77 -> 0 | F78: 15 | H78: =iferror(AVERAGE(F77:F79),0) -> 15 | I78: 0 | K78: 속도 | L78: FALSE | T78: 2 | U78: =U77 -> 15 | V78: =V77 -> 0 | Y78: =iferror(AVERAGE(W77:W79),0) -> 0 | Z78: 0 | AB78: 속도 | AC78: FALSE
A79: 0 | B79: 100 | C79: 3 | D79: =D77 -> 30 | E79: =E77 -> 0 | F79: 15 | I79: 1 | K79: ROM | L79: FALSE | R79: 8 | S79: 12 | T79: 3 | U79: =U77 -> 15 | V79: =V77 -> 0 | Z79: 1 | AB79: ROM | AC79: FALSE
A80: 덤벨 프레스 | C80: 1 | D80: 17.5 | E80: 0 | F80: 12 | H80: =iferror(C82*D82*(F80+F81+F82),0) -> 1890 | I80: 2 | J80: 60 | K80: 자세 | L80: FALSE | R80: 레그프레스 | T80: 1 | U80: 40 | V80: 0 | Y80: =iferror(T82*U82*(W80+W81+W82),0) -> 0 | Z80: 2 | AA80: 60 | AB80: 자세 | AC80: FALSE
C81: 2 | D81: =D80 -> 17.5 | E81: =E80 -> 0 | F81: 12 | H81: =iferror(AVERAGE(F80:F82),0) -> 12 | I81: 1 | K81: 속도 | L81: FALSE | T81: 2 | U81: =U80 -> 40 | V81: =V80 -> 0 | Y81: =iferror(AVERAGE(W80:W82),0) -> 0 | Z81: 0 | AB81: 속도 | AC81: FALSE
A82: 12 | B82: 20 | C82: 3 | D82: =D80 -> 17.5 | E82: =E80 -> 0 | F82: 12 | I82: 1 | K82: ROM | L82: FALSE | R82: 8 | S82: 12 | T82: 3 | U82: =U80 -> 40 | V82: =V80 -> 0 | Z82: 1 | AB82: ROM | AC82: FALSE
A83: 밴드풀업 | C83: 1 | D83: 42 | E83: 0 | F83: 10 | H83: =iferror(C85*D85*(F83+F84+F85),0) -> 2520 | I83: 2 | J83: 60 | K83: 자세 | L83: FALSE | R83: 루마니안 데드리프트 | T83: 1 | U83: 80 | V83: 0 | Y83: =iferror(T85*U85*(W83+W84+W85),0) -> 0 | Z83: 2 | AA83: 60 | AB83: 자세 | AC83: FALSE
C84: 2 | D84: =D83 -> 42 | E84: =E83 -> 0 | F84: 10 | H84: =iferror(AVERAGE(F83:F85),0) -> 10 | I84: 1 | K84: 속도 | L84: FALSE | T84: 2 | U84: =U83 -> 80 | V84: =V83 -> 0 | Y84: =iferror(AVERAGE(W83:W85),0) -> 0 | Z84: 1 | AB84: 속도 | AC84: FALSE
A85: 8 | B85: 12 | C85: 3 | D85: =D83 -> 42 | E85: =E83 -> 0 | I85: 1 | K85: ROM | L85: FALSE | R85: 8 | S85: 12 | T85: 3 | U85: =U83 -> 80 | V85: =V83 -> 0 | Z85: 1 | AB85: ROM | AC85: FALSE
A86: 케이블로우 | C86: 1 | D86: 72 | E86: 0 | H86: =iferror(C88*D88*(F86+F87+F88),0) -> 0 | I86: 2 | J86: 60 | K86: 자세 | L86: FALSE | R86: 레그 익스텐션 | T86: 1 | U86: 45 | V86: 0 | Y86: =iferror(T88*U88*(W86+W87+W88),0) -> 0 | Z86: 2 | AB86: 자세 | AC86: FALSE
C87: 2 | D87: =D86 -> 72 | E87: =E86 -> 0 | H87: =iferror(AVERAGE(F86:F88),0) -> 0 | I87: 1 | K87: 속도 | L87: FALSE | T87: 2 | U87: =U86 -> 45 | V87: =V86 -> 0 | Y87: =iferror(AVERAGE(W86:W88),0) -> 0 | Z87: 0 | AB87: 속도 | AC87: FALSE
A88: 8 | B88: 12 | C88: 3 | D88: =D86 -> 72 | E88: =E86 -> 0 | I88: 1 | K88: ROM | L88: FALSE | R88: 10 | S88: 15 | T88: 3 | U88: =U86 -> 45 | V88: =V86 -> 0 | Z88: 1 | AB88: ROM | AC88: FALSE
A89: 암풀다운 | C89: 1 | D89: 0 | E89: 0 | H89: =iferror(C91*D91*(F89+F90+F91),0) -> 0 | I89: 2 | J89: 60 | K89: 자세 | L89: FALSE | R89: 레그 컬 | T89: 1 | U89: 45 | V89: 0 | Y89: =iferror(T91*U91*(W89+W90+W91),0) -> 0 | AA89: 60 | AB89: 자세 | AC89: FALSE
C90: 2 | D90: =D89 -> 0 | E90: =E89 -> 0 | H90: =iferror(AVERAGE(F89:F91),0) -> 0 | I90: 1 | K90: 속도 | L90: FALSE | T90: 2 | U90: =U89 -> 45 | V90: =V89 -> 0 | Y90: =iferror(AVERAGE(W89:W91),0) -> 0 | AB90: 속도 | AC90: FALSE
A91: 12 | B91: 20 | C91: 3 | D91: =D89 -> 0 | E91: =E89 -> 0 | I91: 1 | K91: ROM | L91: FALSE | R91: 10 | S91: 15 | T91: 3 | U91: =U89 -> 45 | V91: =V89 -> 0 | AB91: ROM | AC91: FALSE
A92: 덤벨 숄더 프레스 | C92: 1 | D92: 0 | E92: 0 | H92: =iferror(C94*D94*(F92+F93+F94),0) -> 0 | I92: 2 | J92: 60 | K92: 자세 | L92: FALSE | R92: OHP | T92: 1 | U92: 25 | V92: 0 | Y92: =iferror(T94*U94*(W92+W93+W94),0) -> 0 | AB92: 자세 | AC92: FALSE
C93: 2 | D93: =D92 -> 0 | E93: =E92 -> 0 | H93: =iferror(AVERAGE(F92:F94),0) -> 0 | I93: 0 | K93: 속도 | L93: FALSE | T93: 2 | U93: =U92 -> 25 | V93: =V92 -> 0 | Y93: =iferror(AVERAGE(W92:W94),0) -> 0 | AB93: 속도 | AC93: FALSE
A94: 8 | B94: 12 | C94: 3 | D94: =D92 -> 0 | E94: =E92 -> 0 | I94: 1 | K94: ROM | L94: FALSE | R94: 8 | S94: 12 | T94: 3 | U94: =U92 -> 25 | V94: =V92 -> 0 | AB94: ROM | AC94: FALSE
A95: 레터럴 레이즈 | C95: 1 | D95: 0 | E95: 0 | H95: =iferror(C97*D97*(F95+F96+F97),0) -> 0 | I95: 2 | J95: 60 | K95: 자세 | L95: FALSE | R95: 리저스 펙덱 플라이 | T95: 1 | U95: 20 | V95: 0 | Y95: =iferror(T97*U97*(W95+W96+W97),0) -> 0 | AB95: 자세 | AC95: FALSE
C96: 2 | D96: =D95 -> 0 | E96: =E95 -> 0 | H96: =iferror(AVERAGE(F95:F97),0) -> 0 | I96: 0 | K96: 속도 | L96: FALSE | T96: 2 | U96: =U95 -> 20 | V96: =V95 -> 0 | Y96: =iferror(AVERAGE(W95:W97),0) -> 0 | AB96: 속도 | AC96: FALSE
A97: 12 | B97: 20 | C97: 3 | D97: =D95 -> 0 | E97: =E95 -> 0 | I97: 1 | K97: ROM | L97: FALSE | R97: 12 | S97: 20 | T97: 3 | U97: =U95 -> 20 | V97: =V95 -> 0 | AB97: ROM | AC97: FALSE
A98: 덤벨컬 | C98: 1 | D98: 0 | E98: 0 | H98: =iferror(C100*D100*(F98+F99+F100),0) -> 0 | I98: 2 | J98: 60 | K98: 자세 | L98: FALSE | T98: 1 | U98: 0 | V98: 0 | Y98: =iferror(T100*U100*(W98+W99+W100),0) -> 0 | AB98: 자세 | AC98: FALSE
C99: 2 | D99: =D98 -> 0 | E99: =E98 -> 0 | H99: =iferror(AVERAGE(F98:F100),0) -> 0 | I99: 0 | K99: 속도 | L99: FALSE | T99: 2 | U99: =U98 -> 0 | V99: =V98 -> 0 | Y99: =iferror(AVERAGE(W98:W100),0) -> 0 | AB99: 속도 | AC99: FALSE
A100: 8 | B100: 12 | C100: 3 | D100: =D98 -> 0 | E100: =E98 -> 0 | I100: 1 | K100: ROM | L100: FALSE | T100: 3 | U100: =U98 -> 0 | V100: =V98 -> 0 | AB100: ROM | AC100: FALSE
A101: 케이블 푸쉬 다운 | C101: 1 | D101: 0 | E101: 0 | H101: =iferror(C103*D103*(F101+F102+F103),0) -> 0 | I101: 2 | J101: 60 | K101: 자세 | L101: FALSE | T101: 1 | U101: 0 | V101: 0 | Y101: =iferror(T103*U103*(W101+W102+W103),0) -> 0 | AB101: 자세 | AC101: FALSE
C102: 2 | D102: =D101 -> 0 | E102: =E101 -> 0 | H102: =iferror(AVERAGE(F101:F103),0) -> 0 | I102: 0 | K102: 속도 | L102: FALSE | T102: 2 | U102: =U101 -> 0 | V102: =V101 -> 0 | Y102: =iferror(AVERAGE(W101:W103),0) -> 0 | AB102: 속도 | AC102: FALSE
A103: 8 | B103: 12 | C103: 3 | D103: =D101 -> 0 | E103: =E101 -> 0 | I103: 1 | K103: ROM | L103: FALSE | T103: 3 | U103: =U101 -> 0 | V103: =V101 -> 0 | AB103: ROM | AC103: FALSE
A104: 수업 코멘트 | R104: 수업 코멘트
A108: 날짜 | B108: 46087 | C108: 당일 컨디션 | E108: 최상 | F108: FALSE | G108: 상 | H108: FALSE | I108: 중 | J108: FALSE | K108: 하 | L108: FALSE | M108: 수업 | N108: FALSE | O108: 과제 | P108: FALSE | R108: 날짜 | S108: 46090 | T108: 당일 컨디션 | V108: 최상 | W108: FALSE | X108: 상 | Y108: FALSE | Z108: 중 | AA108: FALSE | AB108: 하 | AC108: FALSE | AD108: 수업 | AE108: FALSE | AF108: 과제 | AG108: FALSE
A109: 벤치프레스 | C109: 1 | D109: 60 | E109: 0 | H109: =iferror(C111*D111*(F109+F110+F111),0) -> 0 | I109: 2 | J109: 60 | K109: 자세 | L109: FALSE | M109: 1rm 80 | R109: 스쿼트 | T109: 1 | U109: 80 | V109: 0 | W109: 12 | Y109: =iferror(T111*U111*(W109+W110+W111),0) -> 8640 | Z109: 2 | AA109: 90 | AB109: 자세 | AC109: FALSE | AD109: 줄 바꿈 = alt + enter
...

Sheet 2분할AB 프로그램(9~12주차) 상체
A1: 2분할 상체 A | C1: 특이사항 | E1: *작성 팁* 수업 전 체크해야할 회원님의 특이사항 / 해당 프로그램 사용 시 달성 목표를 기입 | R1: 2분할 상체 B | T1: 특이사항 | V1: *작성 팁* 수업 전 체크해야할 회원님의 특이사항 / 해당 프로그램 사용 시 달성 목표를 기입
A2: 운동명/반복구간 | C2: 세트 | D2: 중량 | E2: 목표 | F2: 성공 | G2: RPE | H2: V/A | I2: 속도 | J2: 휴식 | K2: 체크리스트 | M2: 메모 | R2: 운동명/반복구간 | T2: 세트 | U2: 중량 | V2: 목표 | W2: 성공 | X2: RPE | Y2: V/A | Z2: 속도 | AA2: 휴식 | AB2: 체크리스트 | AD2: 메모
A3: 날짜 | B3: 46120 | C3: 당일 컨디션 | E3: 최상 | F3: FALSE | G3: 상 | H3: FALSE | I3: 중 | J3: FALSE | K3: 하 | L3: FALSE | M3: 수업 | N3: FALSE | O3: 과제 | P3: FALSE | R3: 날짜 | S3: 46127 | T3: 당일 컨디션 | V3: 최상 | W3: FALSE | X3: 상 | Y3: FALSE | Z3: 중 | AA3: FALSE | AB3: 하 | AC3: FALSE | AD3: 수업 | AE3: FALSE | AF3: 과제 | AG3: FALSE
A4: 벤치프레스 | C4: 1 | D4: 60 | E4: 0 | F4: 9 | H4: =iferror(C6*D6*(F4+F5+F6),0) -> 4860 | I4: 2 | J4: 90 | K4: 자세 | L4: FALSE | M4: 줄 바꿈 = alt + enter | R4: 벤치프레스 | T4: 1 | U4: 60 | V4: 0 | W4: 10 | Y4: =iferror(T6*U6*(W4+W5+W6),0) -> 5400 | Z4: 2 | AA4: 60 | AB4: 자세 | AC4: FALSE | AD4: 줄 바꿈 = alt + enter
C5: 2 | D5: =D4 -> 60 | E5: =E4 -> 0 | F5: 9 | H5: =iferror(AVERAGE(F4:F6),0) -> 9 | I5: 0 | K5: 속도 | L5: FALSE | T5: 2 | U5: =U4 -> 60 | V5: =V4 -> 0 | W5: 10 | Y5: =iferror(AVERAGE(W4:W6),0) -> 10 | Z5: 0 | AB5: 속도 | AC5: FALSE
A6: 2 | B6: 5 | C6: 3 | D6: =D4 -> 60 | E6: =E4 -> 0 | F6: 9 | I6: 1 | K6: ROM | L6: FALSE | R6: 6 | S6: 10 | T6: 3 | U6: =U4 -> 60 | V6: =V4 -> 0 | W6: 10 | Z6: 1 | AB6: ROM | AC6: FALSE
A7: 딥스 | C7: 1 | D7: 0 | E7: 0 | H7: =iferror(C9*D9*(F7+F8+F9),0) -> 0 | I7: 2 | J7: 60 | K7: 자세 | L7: FALSE | R7: 덤벨프레스 | T7: 1 | U7: 0 | V7: 0 | Y7: =iferror(T9*U9*(W7+W8+W9),0) -> 0 | Z7: 2 | AA7: 60 | AB7: 자세 | AC7: FALSE
C8: 2 | D8: =D7 -> 0 | E8: =E7 -> 0 | H8: =iferror(AVERAGE(F7:F9),0) -> 0 | I8: 0 | K8: 속도 | L8: FALSE | T8: 2 | U8: =U7 -> 0 | V8: =V7 -> 0 | Y8: =iferror(AVERAGE(W7:W9),0) -> 0 | Z8: 0 | AB8: 속도 | AC8: FALSE
A9: 6 | B9: 10 | C9: 3 | D9: =D7 -> 0 | E9: =E7 -> 0 | I9: 1 | K9: ROM | L9: FALSE | R9: 8 | S9: 12 | T9: 3 | U9: =U7 -> 0 | V9: =V7 -> 0 | Z9: 1 | AB9: ROM | AC9: FALSE
A10: 스미스 머신 벤치프레스(체스트프레스) | C10: 1 | D10: 0 | E10: 0 | H10: =iferror(C12*D12*(F10+F11+F12),0) -> 0 | I10: 2 | J10: 60 | K10: 자세 | L10: FALSE | R10: 스미스 머신 벤치프레스(체스트프레스) | T10: 1 | U10: 0 | V10: 0 | Y10: =iferror(T12*U12*(W10+W11+W12),0) -> 0 | Z10: 2 | AA10: 60 | AB10: 자세 | AC10: FALSE
C11: 2 | D11: =D10 -> 0 | E11: =E10 -> 0 | H11: =iferror(AVERAGE(F10:F12),0) -> 0 | I11: 1 | K11: 속도 | L11: FALSE | T11: 2 | U11: =U10 -> 0 | V11: =V10 -> 0 | Y11: =iferror(AVERAGE(W10:W12),0) -> 0 | Z11: 1 | AB11: 속도 | AC11: FALSE
A12: 8 | B12: 12 | C12: 3 | D12: =D10 -> 0 | E12: =E10 -> 0 | I12: 1 | K12: ROM | L12: FALSE | R12: 8 | S12: 12 | T12: 3 | U12: =U10 -> 0 | V12: =V10 -> 0 | Z12: 1 | AB12: ROM | AC12: FALSE
A13: 덤벨 프레스 | C13: 1 | D13: 15 | E13: 0 | F13: 12 | H13: =iferror(C15*D15*(F13+F14+F15),0) -> 1755 | I13: 2 | J13: 60 | K13: 자세 | L13: FALSE | R13: 플라이 | T13: 1 | U13: 30 | V13: 0 | W13: 15 | Y13: =iferror(T15*U15*(W13+W14+W15),0) -> 4050 | Z13: 2 | AA13: 60 | AB13: 자세 | AC13: FALSE
C14: 2 | D14: =D13 -> 15 | E14: =E13 -> 0 | F14: 12 | H14: =iferror(AVERAGE(F13:F15),0) -> 13 | I14: 1 | K14: 속도 | L14: FALSE | T14: 2 | U14: =U13 -> 30 | V14: =V13 -> 0 | W14: 15 | Y14: =iferror(AVERAGE(W13:W15),0) -> 15 | Z14: 1 | AB14: 속도 | AC14: FALSE
A15: 10 | B15: 15 | C15: 3 | D15: =D13 -> 15 | E15: =E13 -> 0 | F15: 15 | I15: 1 | K15: ROM | L15: FALSE | R15: 12 | S15: 20 | T15: 3 | U15: =U13 -> 30 | V15: =V13 -> 0 | W15: 15 | Z15: 1 | AB15: ROM | AC15: FALSE
A16: 바벨로우 | C16: 1 | D16: 50 | E16: 0 | F16: 12 | H16: =iferror(C18*D18*(F16+F17+F18),0) -> 5400 | I16: 2 | J16: 60 | K16: 자세 | L16: FALSE | R16: 원암덤벨로우 | T16: 1 | U16: 0 | V16: 0 | Y16: =iferror(T18*U18*(W16+W17+W18),0) -> 0 | Z16: 2 | AA16: 60 | AB16: 자세 | AC16: FALSE
C17: 2 | D17: =D16 -> 50 | E17: =E16 -> 0 | F17: 12 | H17: =iferror(AVERAGE(F16:F18),0) -> 12 | I17: 1 | K17: 속도 | L17: FALSE | T17: 2 | U17: =U16 -> 0 | V17: =V16 -> 0 | Y17: =iferror(AVERAGE(W16:W18),0) -> 0 | Z17: 1 | AB17: 속도 | AC17: FALSE
A18: 6 | B18: 10 | C18: 3 | D18: =D16 -> 50 | E18: =E16 -> 0 | F18: 12 | I18: 1 | K18: ROM | L18: FALSE | R18: 8 | S18: 12 | T18: 3 | U18: =U16 -> 0 | V18: =V16 -> 0 | Z18: 1 | AB18: ROM | AC18: FALSE
A19: 랫풀다운 | C19: 1 | D19: 0 | E19: 0 | H19: =iferror(C21*D21*(F19+F20+F21),0) -> 0 | I19: 2 | J19: 60 | K19: 자세 | L19: FALSE | R19: 클로즈그립 랫풀다운 | T19: 1 | U19: 42 | V19: 0 | W19: 12 | Y19: =iferror(T21*U21*(W19+W20+W21),0) -> 4536 | Z19: 2 | AA19: 60 | AB19: 자세 | AC19: FALSE
C20: 2 | D20: =D19 -> 0 | E20: =E19 -> 0 | H20: =iferror(AVERAGE(F19:F21),0) -> 0 | I20: 1 | K20: 속도 | L20: FALSE | T20: 2 | U20: =U19 -> 42 | V20: =V19 -> 0 | W20: 12 | Y20: =iferror(AVERAGE(W19:W21),0) -> 12 | Z20: 1 | AB20: 속도 | AC20: FALSE
A21: 6 | B21: 10 | C21: 3 | D21: =D19 -> 0 | E21: =E19 -> 0 | I21: 1 | K21: ROM | L21: FALSE | R21: 8 | S21: 12 | T21: 3 | U21: =U19 -> 42 | V21: =V19 -> 0 | W21: 12 | Z21: 1 | AB21: ROM | AC21: FALSE
A22: 케이블로우 | C22: 1 | D22: 0 | E22: 0 | H22: =iferror(C24*D24*(F22+F23+F24),0) -> 0 | I22: 2 | J22: 60 | K22: 자세 | L22: FALSE | R22: 케이블 로우 | T22: 1 | U22: 72 | V22: 0 | W22: 12 | Y22: =iferror(T24*U24*(W22+W23+W24),0) -> 7776 | Z22: 2 | AA22: 60 | AB22: 자세 | AC22: FALSE
C23: 2 | D23: =D22 -> 0 | E23: =E22 -> 0 | H23: =iferror(AVERAGE(F22:F24),0) -> 0 | I23: 1 | K23: 속도 | L23: FALSE | T23: 2 | U23: =U22 -> 72 | V23: =V22 -> 0 | W23: 12 | Y23: =iferror(AVERAGE(W22:W24),0) -> 12 | Z23: 1 | AB23: 속도 | AC23: FALSE
A24: 8 | B24: 12 | C24: 3 | D24: =D22 -> 0 | E24: =E22 -> 0 | I24: 1 | K24: ROM | L24: FALSE | R24: 8 | S24: 12 | T24: 3 | U24: =U22 -> 72 | V24: =V22 -> 0 | W24: 12 | Z24: 1 | AB24: ROM | AC24: FALSE
A25: 암풀다운 | C25: 1 | D25: 30 | E25: 0 | F25: 15 | H25: =iferror(C27*D27*(F25+F26+F27),0) -> 2700 | I25: 2 | J25: 60 | K25: 자세 | L25: FALSE | R25: 암풀다운 | T25: 1 | U25: 0 | V25: 0 | Y25: =iferror(T27*U27*(W25+W26+W27),0) -> 0 | Z25: 2 | AA25: 60 | AB25: 자세 | AC25: FALSE
C26: 2 | D26: =D25 -> 30 | E26: =E25 -> 0 | F26: 15 | H26: =iferror(AVERAGE(F25:F27),0) -> 15 | I26: 0 | K26: 속도 | L26: FALSE | T26: 2 | U26: =U25 -> 0 | V26: =V25 -> 0 | Y26: =iferror(AVERAGE(W25:W27),0) -> 0 | Z26: 0 | AB26: 속도 | AC26: FALSE
A27: 10 | B27: 15 | C27: 3 | D27: =D25 -> 30 | E27: =E25 -> 0 | I27: 1 | K27: ROM | L27: FALSE | R27: 12 | S27: 20 | T27: 3 | U27: =U25 -> 0 | V27: =V25 -> 0 | Z27: 1 | AB27: ROM | AC27: FALSE
A28: 바벨컬 | C28: 1 | D28: 0 | E28: 0 | H28: =iferror(C30*D30*(F28+F29+F30),0) -> 0 | I28: 2 | J28: 60 | K28: 자세 | L28: FALSE | R28: 덤벨컬 | T28: 1 | U28: 0 | V28: 0 | Y28: =iferror(T30*U30*(W28+W29+W30),0) -> 0 | Z28: 2 | AA28: 60 | AB28: 자세 | AC28: FALSE
C29: 2 | D29: =D28 -> 0 | E29: =E28 -> 0 | H29: =iferror(AVERAGE(F28:F30),0) -> 0 | I29: 0 | K29: 속도 | L29: FALSE | T29: 2 | U29: =U28 -> 0 | V29: =V28 -> 0 | Y29: =iferror(AVERAGE(W28:W30),0) -> 0 | Z29: 0 | AB29: 속도 | AC29: FALSE
A30: 4 | B30: 8 | C30: 3 | D30: =D28 -> 0 | E30: =E28 -> 0 | I30: 1 | K30: ROM | L30: FALSE | R30: 10 | S30: 15 | T30: 3 | U30: =U28 -> 0 | V30: =V28 -> 0 | Z30: 1 | AB30: ROM | AC30: FALSE
A31: 라트익 | C31: 1 | D31: 0 | E31: 0 | H31: =iferror(C33*D33*(F31+F32+F33),0) -> 0 | I31: 2 | J31: 60 | K31: 자세 | L31: FALSE | R31: 케이블 푸쉬다운 | T31: 1 | U31: 0 | V31: 0 | Y31: =iferror(T33*U33*(W31+W32+W33),0) -> 0 | Z31: 2 | AA31: 60 | AB31: 자세 | AC31: FALSE
C32: 2 | D32: =D31 -> 0 | E32: =E31 -> 0 | H32: =iferror(AVERAGE(F31:F33),0) -> 0 | I32: 0 | K32: 속도 | L32: FALSE | T32: 2 | U32: =U31 -> 0 | V32: =V31 -> 0 | Y32: =iferror(AVERAGE(W31:W33),0) -> 0 | Z32: 0 | AB32: 속도 | AC32: FALSE
A33: 4 | B33: 8 | C33: 3 | D33: =D31 -> 0 | E33: =E31 -> 0 | I33: 1 | K33: ROM | L33: FALSE | R33: 10 | S33: 15 | T33: 3 | U33: =U31 -> 0 | V33: =V31 -> 0 | Z33: 1 | AB33: ROM | AC33: FALSE
A34: 추가 팔운동1 | C34: 1 | D34: 0 | E34: 0 | H34: =iferror(C36*D36*(F34+F35+F36),0) -> 0 | K34: 자세 | L34: FALSE | R34: 추가 팔운동1 | T34: 1 | U34: 0 | V34: 0 | Y34: =iferror(T36*U36*(W34+W35+W36),0) -> 0 | AB34: 자세 | AC34: FALSE
C35: 2 | D35: =D34 -> 0 | E35: =E34 -> 0 | H35: =iferror(AVERAGE(F34:F36),0) -> 0 | K35: 속도 | L35: FALSE | T35: 2 | U35: =U34 -> 0 | V35: =V34 -> 0 | Y35: =iferror(AVERAGE(W34:W36),0) -> 0 | AB35: 속도 | AC35: FALSE
A36: 4 | B36: 8 | C36: 3 | D36: =D34 -> 0 | E36: =E34 -> 0 | K36: ROM | L36: FALSE | R36: 10 | S36: 15 | T36: 3 | U36: =U34 -> 0 | V36: =V34 -> 0 | AB36: ROM | AC36: FALSE
A37: 추가 팔운동 2 | C37: 1 | D37: 0 | E37: 0 | H37: =iferror(C39*D39*(F37+F38+F39),0) -> 0 | K37: 자세 | L37: FALSE | R37: 추가 팔운동 2 | T37: 1 | U37: 0 | V37: 0 | Y37: =iferror(T39*U39*(W37+W38+W39),0) -> 0 | AB37: 자세 | AC37: FALSE
C38: 2 | D38: =D37 -> 0 | E38: =E37 -> 0 | H38: =iferror(AVERAGE(F37:F39),0) -> 0 | K38: 속도 | L38: FALSE | T38: 2 | U38: =U37 -> 0 | V38: =V37 -> 0 | Y38: =iferror(AVERAGE(W37:W39),0) -> 0 | AB38: 속도 | AC38: FALSE
A39: 4 | B39: 8 | C39: 3 | D39: =D37 -> 0 | E39: =E37 -> 0 | K39: ROM | L39: FALSE | R39: 10 | S39: 15 | T39: 3 | U39: =U37 -> 0 | V39: =V37 -> 0 | AB39: ROM | AC39: FALSE
A40: 수업 코멘트 | R40: 수업 코멘트
A44: 날짜 | B44: 46129 | C44: 당일 컨디션 | E44: 최상 | F44: FALSE | G44: 상 | H44: FALSE | I44: 중 | J44: FALSE | K44: 하 | L44: FALSE | M44: 수업 | N44: FALSE | O44: 과제 | P44: FALSE | R44: 날짜 | S44: 46134 | T44: 당일 컨디션 | V44: 최상 | W44: FALSE | X44: 상 | Y44: FALSE | Z44: 중 | AA44: FALSE | AB44: 하 | AC44: FALSE | AD44: 수업 | AE44: FALSE | AF44: 과제 | AG44: FALSE
A45: 벤치프레스 | C45: 1 | D45: 60 | E45: 0 | H45: =iferror(C47*D47*(F45+F46+F47),0) -> 0 | I45: 2 | J45: 90 | K45: 자세 | L45: FALSE | M45: 줄 바꿈 = alt + enter | R45: 벤치프레스 | T45: 1 | U45: 60 | V45: 0 | W45: 12 | Y45: =iferror(T47*U47*(W45+W46+W47),0) -> 6480 | Z45: 2 | AA45: 90 | AB45: 자세 | AC45: FALSE | AD45: 줄 바꿈 = alt + enter
C46: 2 | D46: =D45 -> 60 | E46: =E45 -> 0 | H46: =iferror(AVERAGE(F45:F47),0) -> 0 | I46: 0 | K46: 속도 | L46: FALSE | T46: 2 | U46: =U45 -> 60 | V46: =V45 -> 0 | W46: 12 | Y46: =iferror(AVERAGE(W45:W47),0) -> 12 | Z46: 0 | AB46: 속도 | AC46: FALSE
A47: 2 | B47: 5 | C47: 3 | D47: =D45 -> 60 | E47: =E45 -> 0 | I47: 1 | K47: ROM | L47: FALSE | R47: 2 | S47: 5 | T47: 3 | U47: =U45 -> 60 | V47: =V45 -> 0 | W47: 12 | Z47: 1 | AB47: ROM | AC47: FALSE
A48: 딥스 | C48: 1 | D48: 0 | E48: 0 | H48: =iferror(C50*D50*(F48+F49+F50),0) -> 0 | I48: 2 | J48: 60 | K48: 자세 | L48: FALSE | R48: 밴드 딥스 | T48: 1 | U48: 0 | V48: 0 | W48: 12 | Y48: =iferror(T50*U50*(W48+W49+W50),0) -> 0 | Z48: 2 | AA48: 60 | AB48: 자세 | AC48: FALSE
C49: 2 | D49: =D48 -> 0 | E49: =E48 -> 0 | H49: =iferror(AVERAGE(F48:F50),0) -> 0 | I49: 0 | K49: 속도 | L49: FALSE | T49: 2 | U49: =U48 -> 0 | V49: =V48 -> 0 | W49: 12 | Y49: =iferror(AVERAGE(W48:W50),0) -> 12 | Z49: 0 | AB49: 속도 | AC49: FALSE
A50: 6 | B50: 10 | C50: 3 | D50: =D48 -> 0 | E50: =E48 -> 0 | I50: 1 | K50: ROM | L50: FALSE | R50: 6 | S50: 10 | T50: 3 | U50: =U48 -> 0 | V50: =V48 -> 0 | W50: 12 | Z50: 1 | AB50: ROM | AC50: FALSE
A51: 스미스 머신 벤치프레스(체스트프레스) | C51: 1 | D51: 0 | E51: 0 | H51: =iferror(C53*D53*(F51+F52+F53),0) -> 0 | I51: 2 | J51: 60 | K51: 자세 | L51: FALSE | R51: 스미스 머신 벤치프레스(체스트프레스) | T51: 1 | U51: 0 | V51: 0 | Y51: =iferror(T53*U53*(W51+W52+W53),0) -> 0 | Z51: 2 | AA51: 60 | AB51: 자세 | AC51: FALSE
C52: 2 | D52: =D51 -> 0 | E52: =E51 -> 0 | H52: =iferror(AVERAGE(F51:F53),0) -> 0 | I52: 1 | K52: 속도 | L52: FALSE | T52: 2 | U52: =U51 -> 0 | V52: =V51 -> 0 | Y52: =iferror(AVERAGE(W51:W53),0) -> 0 | Z52: 1 | AB52: 속도 | AC52: FALSE
A53: 8 | B53: 12 | C53: 3 | D53: =D51 -> 0 | E53: =E51 -> 0 | I53: 1 | K53: ROM | L53: FALSE | R53: 8 | S53: 12 | T53: 3 | U53: =U51 -> 0 | V53: =V51 -> 0 | Z53: 1 | AB53: ROM | AC53: FALSE
A54: 덤벨 프레스 | C54: 1 | D54: 15 | E54: 0 | H54: =iferror(C56*D56*(F54+F55+F56),0) -> 0 | I54: 2 | J54: 60 | K54: 자세 | L54: FALSE | R54: 덤벨 프레스 | T54: 1 | U54: 15 | V54: 0 | Y54: =iferror(T56*U56*(W54+W55+W56),0) -> 0 | Z54: 2 | AA54: 60 | AB54: 자세 | AC54: FALSE
C55: 2 | D55: =D54 -> 15 | E55: =E54 -> 0 | H55: =iferror(AVERAGE(F54:F56),0) -> 0 | I55: 1 | K55: 속도 | L55: FALSE | T55: 2 | U55: =U54 -> 15 | V55: =V54 -> 0 | Y55: =iferror(AVERAGE(W54:W56),0) -> 0 | Z55: 1 | AB55: 속도 | AC55: FALSE
A56: 10 | B56: 15 | C56: 3 | D56: =D54 -> 15 | E56: =E54 -> 0 | I56: 1 | K56: ROM | L56: FALSE | R56: 10 | S56: 15 | T56: 3 | U56: =U54 -> 15 | V56: =V54 -> 0 | Z56: 1 | AB56: ROM | AC56: FALSE
A57: 바벨로우 | C57: 1 | D57: 50 | E57: 0 | H57: =iferror(C59*D59*(F57+F58+F59),0) -> 0 | I57: 2 | J57: 60 | K57: 자세 | L57: FALSE | R57: 바벨로우 | T57: 1 | U57: 60 | V57: 0 | W57: 10 | Y57: =iferror(T59*U59*(W57+W58+W59),0) -> 5400 | Z57: 2 | AA57: 60 | AB57: 자세 | AC57: FALSE
C58: 2 | D58: =D57 -> 50 | E58: =E57 -> 0 | H58: =iferror(AVERAGE(F57:F59),0) -> 0 | I58: 1 | K58: 속도 | L58: FALSE | T58: 2 | U58: =U57 -> 60 | V58: =V57 -> 0 | W58: 10 | Y58: =iferror(AVERAGE(W57:W59),0) -> 10 | Z58: 1 | AB58: 속도 | AC58: FALSE
A59: 6 | B59: 10 | C59: 3 | D59: =D57 -> 50 | E59: =E57 -> 0 | I59: 1 | K59: ROM | L59: FALSE | R59: 6 | S59: 10 | T59: 3 | U59: =U57 -> 60 | V59: =V57 -> 0 | W59: 10 | Z59: 1 | AB59: ROM | AC59: FALSE
A60: 랫풀다운 | C60: 1 | D60: 0 | E60: 0 | H60: =iferror(C62*D62*(F60+F61+F62),0) -> 0 | I60: 2 | J60: 60 | K60: 자세 | L60: FALSE | R60: 랫풀다운 | T60: 1 | U60: 42 | V60: 0 | W60: 12 | Y60: =iferror(T62*U62*(W60+W61+W62),0) -> 4536 | Z60: 2 | AA60: 60 | AB60: 자세 | AC60: FALSE
C61: 2 | D61: =D60 -> 0 | E61: =E60 -> 0 | H61: =iferror(AVERAGE(F60:F62),0) -> 0 | I61: 1 | K61: 속도 | L61: FALSE | T61: 2 | U61: =U60 -> 42 | V61: =V60 -> 0 | W61: 12 | Y61: =iferror(AVERAGE(W60:W62),0) -> 12 | Z61: 1 | AB61: 속도 | AC61: FALSE
A62: 6 | B62: 10 | C62: 3 | D62: =D60 -> 0 | E62: =E60 -> 0 | I62: 1 | K62: ROM | L62: FALSE | R62: 6 | S62: 10 | T62: 3 | U62: =U60 -> 42 | V62: =V60 -> 0 | W62: 12 | Z62: 1 | AB62: ROM | AC62: FALSE
A63: 케이블로우 | C63: 1 | D63: 0 | E63: 0 | H63: =iferror(C65*D65*(F63+F64+F65),0) -> 0 | I63: 2 | J63: 60 | K63: 자세 | L63: FALSE | R63: 케이블로우 | T63: 1 | U63: 0 | V63: 0 | Y63: =iferror(T65*U65*(W63+W64+W65),0) -> 0 | Z63: 2 | AA63: 60 | AB63: 자세 | AC63: FALSE
C64: 2 | D64: =D63 -> 0 | E64: =E63 -> 0 | H64: =iferror(AVERAGE(F63:F65),0) -> 0 | I64: 1 | K64: 속도 | L64: FALSE | T64: 2 | U64: =U63 -> 0 | V64: =V63 -> 0 | Y64: =iferror(AVERAGE(W63:W65),0) -> 0 | Z64: 1 | AB64: 속도 | AC64: FALSE
A65: 8 | B65: 12 | C65: 3 | D65: =D63 -> 0 | E65: =E63 -> 0 | I65: 1 | K65: ROM | L65: FALSE | R65: 8 | S65: 12 | T65: 3 | U65: =U63 -> 0 | V65: =V63 -> 0 | Z65: 1 | AB65: ROM | AC65: FALSE
A66: 암풀다운 | C66: 1 | D66: 30 | E66: 0 | H66: =iferror(C68*D68*(F66+F67+F68),0) -> 0 | I66: 2 | J66: 60 | K66: 자세 | L66: FALSE | R66: 암풀다운 | T66: 1 | U66: 30 | V66: 0 | Y66: =iferror(T68*U68*(W66+W67+W68),0) -> 0 | Z66: 2 | AA66: 60 | AB66: 자세 | AC66: FALSE
C67: 2 | D67: =D66 -> 30 | E67: =E66 -> 0 | H67: =iferror(AVERAGE(F66:F68),0) -> 0 | I67: 0 | K67: 속도 | L67: FALSE | T67: 2 | U67: =U66 -> 30 | V67: =V66 -> 0 | Y67: =iferror(AVERAGE(W66:W68),0) -> 0 | Z67: 0 | AB67: 속도 | AC67: FALSE
A68: 10 | B68: 15 | C68: 3 | D68: =D66 -> 30 | E68: =E66 -> 0 | I68: 1 | K68: ROM | L68: FALSE | R68: 10 | S68: 15 | T68: 3 | U68: =U66 -> 30 | V68: =V66 -> 0 | Z68: 1 | AB68: ROM | AC68: FALSE
A69: 바벨컬 | C69: 1 | D69: 20 | E69: 0 | F69: 12 | H69: =iferror(C71*D71*(F69+F70+F71),0) -> 2160 | I69: 2 | J69: 60 | K69: 자세 | L69: FALSE | R69: 바벨컬 | T69: 1 | U69: 20 | V69: 0 | Y69: =iferror(T71*U71*(W69+W70+W71),0) -> 0 | Z69: 2 | AA69: 60 | AB69: 자세 | AC69: FALSE
C70: 2 | D70: =D69 -> 20 | E70: =E69 -> 0 | F70: 12 | H70: =iferror(AVERAGE(F69:F71),0) -> 12 | I70: 0 | K70: 속도 | L70: FALSE | T70: 2 | U70: =U69 -> 20 | V70: =V69 -> 0 | Y70: =iferror(AVERAGE(W69:W71),0) -> 0 | Z70: 0 | AB70: 속도 | AC70: FALSE
A71: 4 | B71: 8 | C71: 3 | D71: =D69 -> 20 | E71: =E69 -> 0 | F71: 12 | I71: 1 | K71: ROM | L71: FALSE | R71: 4 | S71: 8 | T71: 3 | U71: =U69 -> 20 | V71: =V69 -> 0 | Z71: 1 | AB71: ROM | AC71: FALSE
A72: 라트익 | C72: 1 | D72: 15 | E72: 0 | F72: 12 | H72: =iferror(C74*D74*(F72+F73+F74),0) -> 1620 | I72: 2 | J72: 60 | K72: 자세 | L72: FALSE | R72: 라트익 | T72: 1 | U72: 15 | V72: 0 | Y72: =iferror(T74*U74*(W72+W73+W74),0) -> 0 | Z72: 2 | AA72: 60 | AB72: 자세 | AC72: FALSE
C73: 2 | D73: =D72 -> 15 | E73: =E72 -> 0 | F73: 12 | H73: =iferror(AVERAGE(F72:F74),0) -> 12 | I73: 0 | K73: 속도 | L73: FALSE | T73: 2 | U73: =U72 -> 15 | V73: =V72 -> 0 | Y73: =iferror(AVERAGE(W72:W74),0) -> 0 | Z73: 0 | AB73: 속도 | AC73: FALSE
A74: 4 | B74: 8 | C74: 3 | D74: =D72 -> 15 | E74: =E72 -> 0 | F74: 12 | I74: 1 | K74: ROM | L74: FALSE | R74: 4 | S74: 8 | T74: 3 | U74: =U72 -> 15 | V74: =V72 -> 0 | Z74: 1 | AB74: ROM | AC74: FALSE
A75: 케이블 푸시다운 | C75: 1 | D75: 42 | E75: 0 | F75: 15 | H75: =iferror(C77*D77*(F75+F76+F77),0) -> 5292 | K75: 자세 | L75: FALSE | R75: 케이블 푸시다운 | T75: 1 | U75: 42 | V75: 0 | Y75: =iferror(T77*U77*(W75+W76+W77),0) -> 0 | AB75: 자세 | AC75: FALSE
C76: 2 | D76: =D75 -> 42 | E76: =E75 -> 0 | F76: 12 | H76: =iferror(AVERAGE(F75:F77),0) -> 14 | K76: 속도 | L76: FALSE | T76: 2 | U76: =U75 -> 42 | V76: =V75 -> 0 | Y76: =iferror(AVERAGE(W75:W77),0) -> 0 | AB76: 속도 | AC76: FALSE
A77: 4 | B77: 8 | C77: 3 | D77: =D75 -> 42 | E77: =E75 -> 0 | F77: 15 | K77: ROM | L77: FALSE | R77: 4 | S77: 8 | T77: 3 | U77: =U75 -> 42 | V77: =V75 -> 0 | AB77: ROM | AC77: FALSE
A78: 덤벨컬 | C78: 1 | D78: 7 | E78: 0 | F78: 15 | H78: =iferror(C80*D80*(F78+F79+F80),0) -> 630 | K78: 자세 | L78: FALSE | R78: 덤벨컬 | T78: 1 | U78: 7 | V78: 0 | Y78: =iferror(T80*U80*(W78+W79+W80),0) -> 0 | AB78: 자세 | AC78: FALSE
C79: 2 | D79: =D78 -> 7 | E79: =E78 -> 0 | F79: 15 | H79: =iferror(AVERAGE(F78:F80),0) -> 15 | K79: 속도 | L79: FALSE | T79: 2 | U79: =U78 -> 7 | V79: =V78 -> 0 | Y79: =iferror(AVERAGE(W78:W80),0) -> 0 | AB79: 속도 | AC79: FALSE
A80: 4 | B80: 8 | C80: 3 | D80: =D78 -> 7 | E80: =E78 -> 0 | K80: ROM | L80: FALSE | R80: 4 | S80: 8 | T80: 3 | U80: =U78 -> 7 | V80: =V78 -> 0 | AB80: ROM | AC80: FALSE
A81: 수업 코멘트 | R81: 수업 코멘트
A85: 날짜 | B85: 46139 | C85: 당일 컨디션 | E85: 최상 | F85: FALSE | G85: 상 | H85: FALSE | I85: 중 | J85: FALSE | K85: 하 | L85: FALSE | M85: 수업 | N85: FALSE | O85: 과제 | P85: FALSE | R85: 날짜 | S85: 46146 | T85: 당일 컨디션 | V85: 최상 | W85: FALSE | X85: 상 | Y85: FALSE | Z85: 중 | AA85: FALSE | AB85: 하 | AC85: FALSE | AD85: 수업 | AE85: FALSE | AF85: 과제 | AG85: FALSE
A86: 벤치프레스 | C86: 1 | D86: 60 | E86: 0 | F86: 12 | H86: =iferror(C88*D88*(F86+F87+F88),0) -> 6120 | I86: 2 | J86: 90 | K86: 자세 | L86: FALSE | M86: 줄 바꿈 = alt + enter | R86: 벤치프레스 | T86: 1 | U86: 60 | V86: 0 | Y86: =iferror(T88*U88*(W86+W87+W88),0) -> 0 | Z86: 2 | AA86: 90 | AB86: 자세 | AC86: FALSE | AD86: 줄 바꿈 = alt + enter
C87: 2 | D87: =D86 -> 60 | E87: =E86 -> 0 | F87: 12 | H87: =iferror(AVERAGE(F86:F88),0) -> 11.333333 | I87: 0 | K87: 속도 | L87: FALSE | T87: 2 | U87: =U86 -> 60 | V87: =V86 -> 0 | Y87: =iferror(AVERAGE(W86:W88),0) -> 0 | Z87: 0 | AB87: 속도 | AC87: FALSE
A88: 2 | B88: 5 | C88: 3 | D88: =D86 -> 60 | E88: =E86 -> 0 | F88: 10 | I88: 1 | K88: ROM | L88: FALSE | R88: 2 | S88: 5 | T88: 3 | U88: =U86 -> 60 | V88: =V86 -> 0 | Z88: 1 | AB88: ROM | AC88: FALSE
A89: 딥스 | C89: 1 | D89: 0 | E89: 0 | H89: =iferror(C91*D91*(F89+F90+F91),0) -> 0 | I89: 2 | J89: 60 | K89: 자세 | L89: FALSE | R89: 밴드 딥스 | T89: 1 | U89: 0 | V89: 0 | Y89: =iferror(T91*U91*(W89+W90+W91),0) -> 0 | Z89: 2 | AA89: 60 | AB89: 자세 | AC89: FALSE
C90: 2 | D90: =D89 -> 0 | E90: =E89 -> 0 | H90: =iferror(AVERAGE(F89:F91),0) -> 0 | I90: 0 | K90: 속도 | L90: FALSE | T90: 2 | U90: =U89 -> 0 | V90: =V89 -> 0 | Y90: =iferror(AVERAGE(W89:W91),0) -> 0 | Z90: 0 | AB90: 속도 | AC90: FALSE
A91: 6 | B91: 10 | C91: 3 | D91: =D89 -> 0 | E91: =E89 -> 0 | I91: 1 | K91: ROM | L91: FALSE | R91: 6 | S91: 10 | T91: 3 | U91: =U89 -> 0 | V91: =V89 -> 0 | Z91: 1 | AB91: ROM | AC91: FALSE
A92: 플라이 | C92: 1 | D92: 30 | E92: 0 | F92: 20 | H92: =iferror(C94*D94*(F92+F93+F94),0) -> 5400 | I92: 2 | J92: 60 | K92: 자세 | L92: FALSE | R92: 스미스 머신 벤치프레스(체스트프레스) | T92: 1 | U92: 0 | V92: 0 | Y92: =iferror(T94*U94*(W92+W93+W94),0) -> 0 | Z92: 2 | AA92: 60 | AB92: 자세 | AC92: FALSE
C93: 2 | D93: =D92 -> 30 | E93: =E92 -> 0 | F93: 20 | H93: =iferror(AVERAGE(F92:F94),0) -> 20 | I93: 1 | K93: 속도 | L93: FALSE | T93: 2 | U93: =U92 -> 0 | V93: =V92 -> 0 | Y93: =iferror(AVERAGE(W92:W94),0) -> 0 | Z93: 1 | AB93: 속도 | AC93: FALSE
A94: 8 | B94: 12 | C94: 3 | D94: =D92 -> 30 | E94: =E92 -> 0 | F94: 20 | I94: 1 | K94: ROM | L94: FALSE | R94: 8 | S94: 12 | T94: 3 | U94: =U92 -> 0 | V94: =V92 -> 0 | Z94: 1 | AB94: ROM | AC94: FALSE
A95: 덤벨 프레스 | C95: 1 | D95: 17.5 | E95: 0 | F95: 10 | H95: =iferror(C97*D97*(F95+F96+F97),0) -> 1785 | I95: 2 | J95: 60 | K95: 자세 | L95: FALSE | R95: 덤벨 프레스 | T95: 1 | U95: 15 | V95: 0 | Y95: =iferror(T97*U97*(W95+W96+W97),0) -> 0 | Z95: 2 | AA95: 60 | AB95: 자세 | AC95: FALSE
C96: 2 | D96: =D95 -> 17.5 | E96: =E95 -> 0 | F96: 12 | H96: =iferror(AVERAGE(F95:F97),0) -> 11.333333 | I96: 1 | K96: 속도 | L96: FALSE | T96: 2 | U96: =U95 -> 15 | V96: =V95 -> 0 | Y96: =iferror(AVERAGE(W95:W97),0) -> 0 | Z96: 1 | AB96: 속도 | AC96: FALSE
A97: 10 | B97: 15 | C97: 3 | D97: =D95 -> 17.5 | E97: =E95 -> 0 | F97: 12 | I97: 1 | K97: ROM | L97: FALSE | R97: 10 | S97: 15 | T97: 3 | U97: =U95 -> 15 | V97: =V95 -> 0 | Z97: 1 | AB97: ROM | AC97: FALSE
A98: 바벨로우 | C98: 1 | D98: 60 | E98: 0 | F98: 12 | H98: =iferror(C100*D100*(F98+F99+F100),0) -> 4320 | I98: 2 | J98: 60 | K98: 자세 | L98: FALSE | R98: 바벨로우 | T98: 1 | U98: 60 | V98: 0 | Y98: =iferror(T100*U100*(W98+W99+W100),0) -> 0 | Z98: 2 | AA98: 60 | AB98: 자세 | AC98: FALSE
C99: 2 | D99: =D98 -> 60 | E99: =E98 -> 0 | F99: 12 | H99: =iferror(AVERAGE(F98:F100),0) -> 12 | I99: 1 | K99: 속도 | L99: FALSE | T99: 2 | U99: =U98 -> 60 | V99: =V98 -> 0 | Y99: =iferror(AVERAGE(W98:W100),0) -> 0 | Z99: 1 | AB99: 속도 | AC99: FALSE
A100: 6 | B100: 10 | C100: 3 | D100: =D98 -> 60 | E100: =E98 -> 0 | I100: 1 | K100: ROM | L100: FALSE | R100: 6 | S100: 10 | T100: 3 | U100: =U98 -> 60 | V100: =V98 -> 0 | Z100: 1 | AB100: ROM | AC100: FALSE
A101: 랫풀다운 | C101: 1 | D101: 0 | E101: 0 | H101: =iferror(C103*D103*(F101+F102+F103),0) -> 0 | I101: 2 | J101: 60 | K101: 자세 | L101: FALSE | R101: 랫풀다운 | T101: 1 | U101: 42 | V101: 0 | W101: 12 | Y101: =iferror(T103*U103*(W101+W102+W103),0) -> 4536 | Z101: 2 | AA101: 60 | AB101: 자세 | AC101: FALSE
C102: 2 | D102: =D101 -> 0 | E102: =E101 -> 0 | H102: =iferror(AVERAGE(F101:F103),0) -> 0 | I102: 1 | K102: 속도 | L102: FALSE | T102: 2 | U102: =U101 -> 42 | V102: =V101 -> 0 | W102: 12 | Y102: =iferror(AVERAGE(W101:W103),0) -> 12 | Z102: 1 | AB102: 속도 | AC102: FALSE
A103: 6 | B103: 10 | C103: 3 | D103: =D101 -> 0 | E103: =E101 -> 0 | I103: 1 | K103: ROM | L103: FALSE | R103: 6 | S103: 10 | T103: 3 | U103: =U101 -> 42 | V103: =V101 -> 0 | W103: 12 | Z103: 1 | AB103: ROM | AC103: FALSE
A104: 케이블로우 | C104: 1 | D104: 0 | E104: 0 | H104: =iferror(C106*D106*(F104+F105+F106),0) -> 0 | I104: 2 | J104: 60 | K104: 자세 | L104: FALSE | R104: 케이블로우 | T104: 1 | U104: 54 | V104: 0 | W104: 15 | Y104: =iferror(T106*U106*(W104+W105+W106),0) -> 7290 | Z104: 2 | AA104: 60 | AB104: 자세 | AC104: FALSE
C105: 2 | D105: =D104 -> 0 | E105: =E104 -> 0 | H105: =iferror(AVERAGE(F104:F106),0) -> 0 | I105: 1 | K105: 속도 | L105: FALSE | T105: 2 | U105: =U104 -> 54 | V105: =V104 -> 0 | W105: 15 | Y105: =iferror(AVERAGE(W104:W106),0) -> 15 | Z105: 1 | AB105: 속도 | AC105: FALSE
A106: 8 | B106: 12 | C106: 3 | D106: =D104 -> 0 | E106: =E104 -> 0 | I106: 1 | K106: ROM | L106: FALSE | R106: 8 | S106: 12 | T106: 3 | U106: =U104 -> 54 | V106: =V104 -> 0 | W106: 15 | Z106: 1 | AB106: ROM | AC106: FALSE
...

Sheet 2분할AB 프로그램(9~12주차) 하체
A1: 2분할 하체 A | C1: 특이사항 | E1: *작성 팁* 수업 전 체크해야할 회원님의 특이사항 / 해당 프로그램 사용 시 달성 목표를 기입 | R1: 2분할 하체 B | T1: 특이사항 | V1: *작성 팁* 수업 전 체크해야할 회원님의 특이사항 / 해당 프로그램 사용 시 달성 목표를 기입
A2: 운동명/반복구간 | C2: 세트 | D2: 중량 | E2: 목표 | F2: 성공 | G2: RPE | H2: V/A | I2: 속도 | J2: 휴식 | K2: 체크리스트 | M2: 메모 | R2: 운동명/반복구간 | T2: 세트 | U2: 중량 | V2: 목표 | W2: 성공 | X2: RPE | Y2: V/A | Z2: 속도 | AA2: 휴식 | AB2: 체크리스트 | AD2: 메모
A3: 날짜 | B3: 46118 | C3: 당일 컨디션 | E3: 최상 | F3: FALSE | G3: 상 | H3: FALSE | I3: 중 | J3: FALSE | K3: 하 | L3: FALSE | M3: 수업 | N3: FALSE | O3: 과제 | P3: FALSE | R3: 날짜 | S3: 46125 | T3: 당일 컨디션 | V3: 최상 | W3: FALSE | X3: 상 | Y3: FALSE | Z3: 중 | AA3: FALSE | AB3: 하 | AC3: FALSE | AD3: 수업 | AE3: FALSE | AF3: 과제 | AG3: FALSE
A4: 스쿼트 | C4: 1 | D4: 90 | E4: 0 | F4: 9 | H4: =iferror(C6*D6*(F4+F5+F6),0) -> 7290 | I4: 2 | J4: 120 | K4: 자세 | L4: FALSE | M4: 줄 바꿈 = alt + enter | R4: 스쿼트 | T4: 1 | U4: 90 | V4: 0 | W4: 10 | Y4: =iferror(T6*U6*(W4+W5+W6),0) -> 6750 | Z4: 2 | AA4: 90 | AB4: 자세 | AC4: FALSE | AD4: 줄 바꿈 = alt + enter
C5: 2 | D5: =D4 -> 90 | E5: =E4 -> 0 | F5: 9 | H5: =iferror(AVERAGE(F4:F6),0) -> 9 | I5: 1 | K5: 속도 | L5: FALSE | T5: 2 | U5: =U4 -> 90 | V5: =V4 -> 0 | W5: 7 | Y5: =iferror(AVERAGE(W4:W6),0) -> 8.3333333 | Z5: 1 | AB5: 속도 | AC5: FALSE
A6: 2 | B6: 5 | C6: 3 | D6: =D4 -> 90 | E6: =E4 -> 0 | F6: 9 | I6: 2 | K6: ROM | L6: FALSE | R6: 6 | S6: 10 | T6: 3 | U6: =U4 -> 90 | V6: =V4 -> 0 | W6: 8 | Z6: 2 | AB6: ROM | AC6: FALSE
A7: V-SQ | C7: 1 | D7: 60 | E7: 0 | F7: 15 | H7: =iferror(C9*D9*(F7+F8+F9),0) -> 4860 | I7: 2 | J7: 90 | K7: 자세 | L7: FALSE | R7: 레그 프레스 | T7: 1 | U7: 80 | V7: 0 | W7: 20 | Y7: =iferror(T9*U9*(W7+W8+W9),0) -> 14400 | Z7: 2 | AA7: 60 | AB7: 자세 | AC7: FALSE
C8: 2 | D8: =D7 -> 60 | E8: =E7 -> 0 | F8: 12 | H8: =iferror(AVERAGE(F7:F9),0) -> 13.5 | I8: 0 | K8: 속도 | L8: FALSE | T8: 2 | U8: =U7 -> 80 | V8: =V7 -> 0 | W8: 20 | Y8: =iferror(AVERAGE(W7:W9),0) -> 20 | Z8: 0 | AB8: 속도 | AC8: FALSE
A9: 6 | B9: 10 | C9: 3 | D9: =D7 -> 60 | E9: =E7 -> 0 | I9: 1 | K9: ROM | L9: FALSE | R9: 8 | S9: 12 | T9: 3 | U9: =U7 -> 80 | V9: =V7 -> 0 | W9: 20 | Z9: 1 | AB9: ROM | AC9: FALSE
A10: 레그 프레스 | C10: 1 | D10: 0 | E10: 0 | H10: =iferror(C12*D12*(F10+F11+F12),0) -> 0 | I10: 2 | J10: 60 | K10: 자세 | L10: FALSE | R10: 루마니안 데드리프트 | T10: 1 | U10: 0 | V10: 0 | Y10: =iferror(T12*U12*(W10+W11+W12),0) -> 0 | Z10: 2 | AA10: 60 | AB10: 자세 | AC10: FALSE
C11: 2 | D11: =D10 -> 0 | E11: =E10 -> 0 | H11: =iferror(AVERAGE(F10:F12),0) -> 0 | I11: 0 | K11: 속도 | L11: FALSE | T11: 2 | U11: =U10 -> 0 | V11: =V10 -> 0 | Y11: =iferror(AVERAGE(W10:W12),0) -> 0 | Z11: 0 | AB11: 속도 | AC11: FALSE
A12: 6 | B12: 10 | C12: 3 | D12: =D10 -> 0 | E12: =E10 -> 0 | I12: 1 | K12: ROM | L12: FALSE | R12: 8 | S12: 12 | T12: 3 | U12: =U10 -> 0 | V12: =V10 -> 0 | Z12: 1 | AB12: ROM | AC12: FALSE
A13: 레그 익스텐션 | C13: 1 | D13: 60 | E13: 0 | F13: 15 | H13: =iferror(C15*D15*(F13+F14+F15),0) -> 5400 | I13: 2 | J13: 60 | K13: 자세 | L13: FALSE | R13: 레그 익스텐션 | T13: 1 | U13: 0 | V13: 0 | Y13: =iferror(T15*U15*(W13+W14+W15),0) -> 0 | Z13: 2 | AA13: 60 | AB13: 자세 | AC13: FALSE
C14: 2 | D14: =D13 -> 60 | E14: =E13 -> 0 | F14: 15 | H14: =iferror(AVERAGE(F13:F15),0) -> 15 | I14: 1 | K14: 속도 | L14: FALSE | T14: 2 | U14: =U13 -> 0 | V14: =V13 -> 0 | Y14: =iferror(AVERAGE(W13:W15),0) -> 0 | Z14: 1 | AB14: 속도 | AC14: FALSE
A15: 10 | B15: 15 | C15: 3 | D15: =D13 -> 60 | E15: =E13 -> 0 | I15: 1 | K15: ROM | L15: FALSE | R15: 12 | S15: 20 | T15: 3 | U15: =U13 -> 0 | V15: =V13 -> 0 | Z15: 1 | AB15: ROM | AC15: FALSE
A16: 레그컬 | C16: 1 | D16: 60 | E16: 0 | F16: 15 | H16: =iferror(C18*D18*(F16+F17+F18),0) -> 5400 | I16: 2 | J16: 60 | K16: 자세 | L16: FALSE | R16: 레그컬 | T16: 1 | U16: 0 | V16: 0 | Y16: =iferror(T18*U18*(W16+W17+W18),0) -> 0 | Z16: 2 | AA16: 60 | AB16: 자세 | AC16: FALSE
C17: 2 | D17: =D16 -> 60 | E17: =E16 -> 0 | F17: 15 | H17: =iferror(AVERAGE(F16:F18),0) -> 15 | I17: 0 | K17: 속도 | L17: FALSE | T17: 2 | U17: =U16 -> 0 | V17: =V16 -> 0 | Y17: =iferror(AVERAGE(W16:W18),0) -> 0 | Z17: 0 | AB17: 속도 | AC17: FALSE
A18: 10 | B18: 15 | C18: 3 | D18: =D16 -> 60 | E18: =E16 -> 0 | I18: 1 | K18: ROM | L18: FALSE | R18: 12 | S18: 20 | T18: 3 | U18: =U16 -> 0 | V18: =V16 -> 0 | Z18: 1 | AB18: ROM | AC18: FALSE
C19: 1 | D19: 0 | E19: 0 | H19: =iferror(C21*D21*(F19+F20+F21),0) -> 0 | K19: 자세 | L19: FALSE | T19: 1 | U19: 0 | V19: 0 | Y19: =iferror(T21*U21*(W19+W20+W21),0) -> 0 | AB19: 자세 | AC19: FALSE
C20: 2 | D20: =D19 -> 0 | E20: =E19 -> 0 | H20: =iferror(AVERAGE(F19:F21),0) -> 0 | K20: 속도 | L20: FALSE | T20: 2 | U20: =U19 -> 0 | V20: =V19 -> 0 | Y20: =iferror(AVERAGE(W19:W21),0) -> 0 | AB20: 속도 | AC20: FALSE
C21: 3 | D21: =D19 -> 0 | E21: =E19 -> 0 | K21: ROM | L21: FALSE | T21: 3 | U21: =U19 -> 0 | V21: =V19 -> 0 | AB21: ROM | AC21: FALSE
A22: 밀리터리 프레스 | C22: 1 | D22: 0 | E22: 0 | H22: =iferror(C24*D24*(F22+F23+F24),0) -> 0 | I22: 2 | J22: 60 | K22: 자세 | L22: FALSE | R22: OHP | T22: 1 | U22: 20 | V22: 0 | W22: 10 | Y22: =iferror(T24*U24*(W22+W23+W24),0) -> 1800 | Z22: 2 | AA22: 60 | AB22: 자세 | AC22: FALSE
C23: 2 | D23: =D22 -> 0 | E23: =E22 -> 0 | H23: =iferror(AVERAGE(F22:F24),0) -> 0 | I23: 0 | K23: 속도 | L23: FALSE | T23: 2 | U23: =U22 -> 20 | V23: =V22 -> 0 | W23: 10 | Y23: =iferror(AVERAGE(W22:W24),0) -> 10 | Z23: 0 | AB23: 속도 | AC23: FALSE
A24: 2 | B24: 5 | C24: 3 | D24: =D22 -> 0 | E24: =E22 -> 0 | I24: 1 | K24: ROM | L24: FALSE | R24: 6 | S24: 10 | T24: 3 | U24: =U22 -> 20 | V24: =V22 -> 0 | W24: 10 | Z24: 1 | AB24: ROM | AC24: FALSE
A25: 레터럴 레이즈 | C25: 1 | D25: 0 | E25: 0 | H25: =iferror(C27*D27*(F25+F26+F27),0) -> 0 | I25: 2 | J25: 60 | K25: 자세 | L25: FALSE | R25: 원암레터럴 레이즈 | T25: 1 | U25: 0 | V25: 0 | Y25: =iferror(T27*U27*(W25+W26+W27),0) -> 0 | Z25: 2 | AA25: 60 | AB25: 자세 | AC25: FALSE
C26: 2 | D26: =D25 -> 0 | E26: =E25 -> 0 | H26: =iferror(AVERAGE(F25:F27),0) -> 0 | I26: 0 | K26: 속도 | L26: FALSE | T26: 2 | U26: =U25 -> 0 | V26: =V25 -> 0 | Y26: =iferror(AVERAGE(W25:W27),0) -> 0 | Z26: 0 | AB26: 속도 | AC26: FALSE
A27: 8 | B27: 12 | C27: 3 | D27: =D25 -> 0 | E27: =E25 -> 0 | I27: 1 | K27: ROM | L27: FALSE | R27: 12 | S27: 20 | T27: 3 | U27: =U25 -> 0 | V27: =V25 -> 0 | Z27: 1 | AB27: ROM | AC27: FALSE
A28: 벤트오버 레터럴 레이즈 | C28: 1 | D28: 0 | E28: 0 | H28: =iferror(C30*D30*(F28+F29+F30),0) -> 0 | I28: 2 | J28: 60 | K28: 자세 | L28: FALSE | R28: 벤트오버 레터럴 레이즈 | T28: 1 | U28: 0 | V28: 0 | Y28: =iferror(T30*U30*(W28+W29+W30),0) -> 0 | Z28: 2 | AA28: 60 | AB28: 자세 | AC28: FALSE
C29: 2 | D29: =D28 -> 0 | E29: =E28 -> 0 | H29: =iferror(AVERAGE(F28:F30),0) -> 0 | I29: 0 | K29: 속도 | L29: FALSE | T29: 2 | U29: =U28 -> 0 | V29: =V28 -> 0 | Y29: =iferror(AVERAGE(W28:W30),0) -> 0 | Z29: 0 | AB29: 속도 | AC29: FALSE
A30: 8 | B30: 12 | C30: 3 | D30: =D28 -> 0 | E30: =E28 -> 0 | I30: 1 | K30: ROM | L30: FALSE | R30: 12 | S30: 20 | T30: 3 | U30: =U28 -> 0 | V30: =V28 -> 0 | Z30: 1 | AB30: ROM | AC30: FALSE
C31: 1 | D31: 0 | E31: 0 | H31: =iferror(C33*D33*(F31+F32+F33),0) -> 0 | K31: 자세 | L31: FALSE | T31: 1 | U31: 0 | V31: 0 | Y31: =iferror(T33*U33*(W31+W32+W33),0) -> 0 | AB31: 자세 | AC31: FALSE
C32: 2 | D32: =D31 -> 0 | E32: =E31 -> 0 | H32: =iferror(AVERAGE(F31:F33),0) -> 0 | K32: 속도 | L32: FALSE | T32: 2 | U32: =U31 -> 0 | V32: =V31 -> 0 | Y32: =iferror(AVERAGE(W31:W33),0) -> 0 | AB32: 속도 | AC32: FALSE
C33: 3 | D33: =D31 -> 0 | E33: =E31 -> 0 | K33: ROM | L33: FALSE | T33: 3 | U33: =U31 -> 0 | V33: =V31 -> 0 | AB33: ROM | AC33: FALSE
C34: 1 | D34: 0 | E34: 0 | H34: =iferror(C36*D36*(F34+F35+F36),0) -> 0 | K34: 자세 | L34: FALSE | T34: 1 | U34: 0 | V34: 0 | Y34: =iferror(T36*U36*(W34+W35+W36),0) -> 0 | AB34: 자세 | AC34: FALSE
C35: 2 | D35: =D34 -> 0 | E35: =E34 -> 0 | H35: =iferror(AVERAGE(F34:F36),0) -> 0 | K35: 속도 | L35: FALSE | T35: 2 | U35: =U34 -> 0 | V35: =V34 -> 0 | Y35: =iferror(AVERAGE(W34:W36),0) -> 0 | AB35: 속도 | AC35: FALSE
C36: 3 | D36: =D34 -> 0 | E36: =E34 -> 0 | K36: ROM | L36: FALSE | T36: 3 | U36: =U34 -> 0 | V36: =V34 -> 0 | AB36: ROM | AC36: FALSE
C37: 1 | D37: 0 | E37: 0 | H37: =iferror(C39*D39*(F37+F38+F39),0) -> 0 | K37: 자세 | L37: FALSE | T37: 1 | U37: 0 | V37: 0 | Y37: =iferror(T39*U39*(W37+W38+W39),0) -> 0 | AB37: 자세 | AC37: FALSE
C38: 2 | D38: =D37 -> 0 | E38: =E37 -> 0 | H38: =iferror(AVERAGE(F37:F39),0) -> 0 | K38: 속도 | L38: FALSE | T38: 2 | U38: =U37 -> 0 | V38: =V37 -> 0 | Y38: =iferror(AVERAGE(W37:W39),0) -> 0 | AB38: 속도 | AC38: FALSE
C39: 3 | D39: =D37 -> 0 | E39: =E37 -> 0 | K39: ROM | L39: FALSE | T39: 3 | U39: =U37 -> 0 | V39: =V37 -> 0 | AB39: ROM | AC39: FALSE
A40: 수업 코멘트 | R40: 수업 코멘트
A44: 날짜 | B44: 46132 | C44: 당일 컨디션 | E44: 최상 | F44: FALSE | G44: 상 | H44: FALSE | I44: 중 | J44: FALSE | K44: 하 | L44: FALSE | M44: 수업 | N44: FALSE | O44: 과제 | P44: FALSE | R44: 날짜 | S44: 46141 | T44: 당일 컨디션 | V44: 최상 | W44: FALSE | X44: 상 | Y44: FALSE | Z44: 중 | AA44: FALSE | AB44: 하 | AC44: FALSE | AD44: 수업 | AE44: FALSE | AF44: 과제 | AG44: FALSE
A45: 스쿼트 | C45: 1 | D45: 80 | E45: 0 | F45: 12 | H45: =iferror(C47*D47*(F45+F46+F47),0) -> 8640 | I45: 2 | J45: 120 | K45: 자세 | L45: FALSE | M45: 줄 바꿈 = alt + enter | R45: 스쿼트 | T45: 1 | U45: 90 | V45: 0 | W45: 9 | Y45: =iferror(T47*U47*(W45+W46+W47),0) -> 7290 | Z45: 2 | AA45: 90 | AB45: 자세 | AC45: FALSE | AD45: 줄 바꿈 = alt + enter
C46: 2 | D46: =D45 -> 80 | E46: =E45 -> 0 | F46: 12 | H46: =iferror(AVERAGE(F45:F47),0) -> 12 | I46: 1 | K46: 속도 | L46: FALSE | T46: 2 | U46: =U45 -> 90 | V46: =V45 -> 0 | W46: 9 | Y46: =iferror(AVERAGE(W45:W47),0) -> 9 | Z46: 1 | AB46: 속도 | AC46: FALSE
A47: 2 | B47: 5 | C47: 3 | D47: =D45 -> 80 | E47: =E45 -> 0 | F47: 12 | I47: 2 | K47: ROM | L47: FALSE | R47: 6 | S47: 10 | T47: 3 | U47: =U45 -> 90 | V47: =V45 -> 0 | W47: 9 | Z47: 2 | AB47: ROM | AC47: FALSE
A48: V-SQ | C48: 1 | D48: 60 | E48: 0 | H48: =iferror(C50*D50*(F48+F49+F50),0) -> 0 | I48: 2 | J48: 90 | K48: 자세 | L48: FALSE | R48: 레그 프레스 | T48: 1 | U48: 80 | V48: 0 | Y48: =iferror(T50*U50*(W48+W49+W50),0) -> 0 | Z48: 2 | AA48: 60 | AB48: 자세 | AC48: FALSE
C49: 2 | D49: =D48 -> 60 | E49: =E48 -> 0 | H49: =iferror(AVERAGE(F48:F50),0) -> 0 | I49: 0 | K49: 속도 | L49: FALSE | T49: 2 | U49: =U48 -> 80 | V49: =V48 -> 0 | Y49: =iferror(AVERAGE(W48:W50),0) -> 0 | Z49: 0 | AB49: 속도 | AC49: FALSE
A50: 6 | B50: 10 | C50: 3 | D50: =D48 -> 60 | E50: =E48 -> 0 | I50: 1 | K50: ROM | L50: FALSE | R50: 8 | S50: 12 | T50: 3 | U50: =U48 -> 80 | V50: =V48 -> 0 | Z50: 1 | AB50: ROM | AC50: FALSE
A51: 런지 | C51: 1 | D51: 8 | E51: 0 | F51: 10 | H51: =iferror(C53*D53*(F51+F52+F53),0) -> 720 | I51: 2 | J51: 60 | K51: 자세 | L51: FALSE | R51: V-SQ | T51: 1 | U51: 60 | V51: 0 | W51: 15 | Y51: =iferror(T53*U53*(W51+W52+W53),0) -> 8100 | Z51: 2 | AA51: 60 | AB51: 자세 | AC51: FALSE
C52: 2 | D52: =D51 -> 8 | E52: =E51 -> 0 | F52: 10 | H52: =iferror(AVERAGE(F51:F53),0) -> 10 | I52: 0 | K52: 속도 | L52: FALSE | T52: 2 | U52: =U51 -> 60 | V52: =V51 -> 0 | W52: 15 | Y52: =iferror(AVERAGE(W51:W53),0) -> 15 | Z52: 0 | AB52: 속도 | AC52: FALSE
A53: 6 | B53: 10 | C53: 3 | D53: =D51 -> 8 | E53: =E51 -> 0 | F53: 10 | I53: 1 | K53: ROM | L53: FALSE | R53: 8 | S53: 12 | T53: 3 | U53: =U51 -> 60 | V53: =V51 -> 0 | W53: 15 | Z53: 1 | AB53: ROM | AC53: FALSE
A54: 레그 익스텐션 | C54: 1 | D54: 60 | E54: 0 | H54: =iferror(C56*D56*(F54+F55+F56),0) -> 0 | I54: 2 | J54: 60 | K54: 자세 | L54: FALSE | R54: 레그 익스텐션 | T54: 1 | U54: 0 | V54: 0 | Y54: =iferror(T56*U56*(W54+W55+W56),0) -> 0 | Z54: 2 | AA54: 60 | AB54: 자세 | AC54: FALSE
C55: 2 | D55: =D54 -> 60 | E55: =E54 -> 0 | H55: =iferror(AVERAGE(F54:F56),0) -> 0 | I55: 1 | K55: 속도 | L55: FALSE | T55: 2 | U55: =U54 -> 0 | V55: =V54 -> 0 | Y55: =iferror(AVERAGE(W54:W56),0) -> 0 | Z55: 1 | AB55: 속도 | AC55: FALSE
A56: 10 | B56: 15 | C56: 3 | D56: =D54 -> 60 | E56: =E54 -> 0 | I56: 1 | K56: ROM | L56: FALSE | R56: 12 | S56: 20 | T56: 3 | U56: =U54 -> 0 | V56: =V54 -> 0 | Z56: 1 | AB56: ROM | AC56: FALSE
A57: 레그컬 | C57: 1 | D57: 60 | E57: 0 | H57: =iferror(C59*D59*(F57+F58+F59),0) -> 0 | I57: 2 | J57: 60 | K57: 자세 | L57: FALSE | R57: 레그컬 | T57: 1 | U57: 0 | V57: 0 | Y57: =iferror(T59*U59*(W57+W58+W59),0) -> 0 | Z57: 2 | AA57: 60 | AB57: 자세 | AC57: FALSE
C58: 2 | D58: =D57 -> 60 | E58: =E57 -> 0 | H58: =iferror(AVERAGE(F57:F59),0) -> 0 | I58: 0 | K58: 속도 | L58: FALSE | T58: 2 | U58: =U57 -> 0 | V58: =V57 -> 0 | Y58: =iferror(AVERAGE(W57:W59),0) -> 0 | Z58: 0 | AB58: 속도 | AC58: FALSE
A59: 10 | B59: 15 | C59: 3 | D59: =D57 -> 60 | E59: =E57 -> 0 | I59: 1 | K59: ROM | L59: FALSE | R59: 12 | S59: 20 | T59: 3 | U59: =U57 -> 0 | V59: =V57 -> 0 | Z59: 1 | AB59: ROM | AC59: FALSE
C60: 1 | D60: 0 | E60: 0 | H60: =iferror(C62*D62*(F60+F61+F62),0) -> 0 | K60: 자세 | L60: FALSE | R60: 이너타이 | T60: 1 | U60: 30 | V60: 0 | W60: 15 | Y60: =iferror(T62*U62*(W60+W61+W62),0) -> 4050 | AB60: 자세 | AC60: FALSE
C61: 2 | D61: =D60 -> 0 | E61: =E60 -> 0 | H61: =iferror(AVERAGE(F60:F62),0) -> 0 | K61: 속도 | L61: FALSE | T61: 2 | U61: =U60 -> 30 | V61: =V60 -> 0 | W61: 15 | Y61: =iferror(AVERAGE(W60:W62),0) -> 15 | AB61: 속도 | AC61: FALSE
C62: 3 | D62: =D60 -> 0 | E62: =E60 -> 0 | K62: ROM | L62: FALSE | T62: 3 | U62: =U60 -> 30 | V62: =V60 -> 0 | W62: 15 | AB62: ROM | AC62: FALSE
A63: 밀리터리 프레스 | C63: 1 | D63: 0 | E63: 0 | H63: =iferror(C65*D65*(F63+F64+F65),0) -> 0 | I63: 2 | J63: 60 | K63: 자세 | L63: FALSE | R63: OHP | T63: 1 | U63: 20 | V63: 0 | Y63: =iferror(T65*U65*(W63+W64+W65),0) -> 0 | Z63: 2 | AA63: 60 | AB63: 자세 | AC63: FALSE
C64: 2 | D64: =D63 -> 0 | E64: =E63 -> 0 | H64: =iferror(AVERAGE(F63:F65),0) -> 0 | I64: 0 | K64: 속도 | L64: FALSE | T64: 2 | U64: =U63 -> 20 | V64: =V63 -> 0 | Y64: =iferror(AVERAGE(W63:W65),0) -> 0 | Z64: 0 | AB64: 속도 | AC64: FALSE
A65: 2 | B65: 5 | C65: 3 | D65: =D63 -> 0 | E65: =E63 -> 0 | I65: 1 | K65: ROM | L65: FALSE | R65: 6 | S65: 10 | T65: 3 | U65: =U63 -> 20 | V65: =V63 -> 0 | Z65: 1 | AB65: ROM | AC65: FALSE
A66: 레터럴 레이즈 | C66: 1 | D66: 0 | E66: 0 | H66: =iferror(C68*D68*(F66+F67+F68),0) -> 0 | I66: 2 | J66: 60 | K66: 자세 | L66: FALSE | R66: 원암레터럴 레이즈 | T66: 1 | U66: 0 | V66: 0 | Y66: =iferror(T68*U68*(W66+W67+W68),0) -> 0 | Z66: 2 | AA66: 60 | AB66: 자세 | AC66: FALSE
C67: 2 | D67: =D66 -> 0 | E67: =E66 -> 0 | H67: =iferror(AVERAGE(F66:F68),0) -> 0 | I67: 0 | K67: 속도 | L67: FALSE | T67: 2 | U67: =U66 -> 0 | V67: =V66 -> 0 | Y67: =iferror(AVERAGE(W66:W68),0) -> 0 | Z67: 0 | AB67: 속도 | AC67: FALSE
A68: 8 | B68: 12 | C68: 3 | D68: =D66 -> 0 | E68: =E66 -> 0 | I68: 1 | K68: ROM | L68: FALSE | R68: 12 | S68: 20 | T68: 3 | U68: =U66 -> 0 | V68: =V66 -> 0 | Z68: 1 | AB68: ROM | AC68: FALSE
A69: 벤트오버 레터럴 레이즈 | C69: 1 | D69: 0 | E69: 0 | H69: =iferror(C71*D71*(F69+F70+F71),0) -> 0 | I69: 2 | J69: 60 | K69: 자세 | L69: FALSE | R69: 벤트오버 레터럴 레이즈 | T69: 1 | U69: 0 | V69: 0 | Y69: =iferror(T71*U71*(W69+W70+W71),0) -> 0 | Z69: 2 | AA69: 60 | AB69: 자세 | AC69: FALSE
C70: 2 | D70: =D69 -> 0 | E70: =E69 -> 0 | H70: =iferror(AVERAGE(F69:F71),0) -> 0 | I70: 0 | K70: 속도 | L70: FALSE | T70: 2 | U70: =U69 -> 0 | V70: =V69 -> 0 | Y70: =iferror(AVERAGE(W69:W71),0) -> 0 | Z70: 0 | AB70: 속도 | AC70: FALSE
A71: 8 | B71: 12 | C71: 3 | D71: =D69 -> 0 | E71: =E69 -> 0 | I71: 1 | K71: ROM | L71: FALSE | R71: 12 | S71: 20 | T71: 3 | U71: =U69 -> 0 | V71: =V69 -> 0 | Z71: 1 | AB71: ROM | AC71: FALSE
C72: 1 | D72: 0 | E72: 0 | H72: =iferror(C74*D74*(F72+F73+F74),0) -> 0 | K72: 자세 | L72: FALSE | T72: 1 | U72: 0 | V72: 0 | Y72: =iferror(T74*U74*(W72+W73+W74),0) -> 0 | AB72: 자세 | AC72: FALSE
C73: 2 | D73: =D72 -> 0 | E73: =E72 -> 0 | H73: =iferror(AVERAGE(F72:F74),0) -> 0 | K73: 속도 | L73: FALSE | T73: 2 | U73: =U72 -> 0 | V73: =V72 -> 0 | Y73: =iferror(AVERAGE(W72:W74),0) -> 0 | AB73: 속도 | AC73: FALSE
C74: 3 | D74: =D72 -> 0 | E74: =E72 -> 0 | K74: ROM | L74: FALSE | T74: 3 | U74: =U72 -> 0 | V74: =V72 -> 0 | AB74: ROM | AC74: FALSE
C75: 1 | D75: 0 | E75: 0 | H75: =iferror(C77*D77*(F75+F76+F77),0) -> 0 | K75: 자세 | L75: FALSE | T75: 1 | U75: 0 | V75: 0 | Y75: =iferror(T77*U77*(W75+W76+W77),0) -> 0 | AB75: 자세 | AC75: FALSE
C76: 2 | D76: =D75 -> 0 | E76: =E75 -> 0 | H76: =iferror(AVERAGE(F75:F77),0) -> 0 | K76: 속도 | L76: FALSE | T76: 2 | U76: =U75 -> 0 | V76: =V75 -> 0 | Y76: =iferror(AVERAGE(W75:W77),0) -> 0 | AB76: 속도 | AC76: FALSE
C77: 3 | D77: =D75 -> 0 | E77: =E75 -> 0 | K77: ROM | L77: FALSE | T77: 3 | U77: =U75 -> 0 | V77: =V75 -> 0 | AB77: ROM | AC77: FALSE
C78: 1 | D78: 0 | E78: 0 | H78: =iferror(C80*D80*(F78+F79+F80),0) -> 0 | K78: 자세 | L78: FALSE | T78: 1 | U78: 0 | V78: 0 | Y78: =iferror(T80*U80*(W78+W79+W80),0) -> 0 | AB78: 자세 | AC78: FALSE
C79: 2 | D79: =D78 -> 0 | E79: =E78 -> 0 | H79: =iferror(AVERAGE(F78:F80),0) -> 0 | K79: 속도 | L79: FALSE | T79: 2 | U79: =U78 -> 0 | V79: =V78 -> 0 | Y79: =iferror(AVERAGE(W78:W80),0) -> 0 | AB79: 속도 | AC79: FALSE
C80: 3 | D80: =D78 -> 0 | E80: =E78 -> 0 | K80: ROM | L80: FALSE | T80: 3 | U80: =U78 -> 0 | V80: =V78 -> 0 | AB80: ROM | AC80: FALSE
A81: 수업 코멘트 | R81: 수업 코멘트
A85: 날짜 | B85: 46148 | C85: 당일 컨디션 | E85: 최상 | F85: FALSE | G85: 상 | H85: FALSE | I85: 중 | J85: FALSE | K85: 하 | L85: FALSE | M85: 수업 | N85: FALSE | O85: 과제 | P85: FALSE | R85: 날짜 | S85: 46155 | T85: 당일 컨디션 | V85: 최상 | W85: FALSE | X85: 상 | Y85: FALSE | Z85: 중 | AA85: FALSE | AB85: 하 | AC85: FALSE | AD85: 수업 | AE85: FALSE | AF85: 과제 | AG85: FALSE
A86: 스쿼트 | C86: 1 | D86: 80 | E86: 0 | F86: 12 | H86: =iferror(C88*D88*(F86+F87+F88),0) -> 8640 | I86: 2 | J86: 120 | K86: 자세 | L86: FALSE | M86: 줄 바꿈 = alt + enter | R86: 스쿼트 | T86: 1 | U86: 90 | V86: 0 | Y86: =iferror(T88*U88*(W86+W87+W88),0) -> 0 | Z86: 2 | AA86: 90 | AB86: 자세 | AC86: FALSE | AD86: 줄 바꿈 = alt + enter
C87: 2 | D87: =D86 -> 80 | E87: =E86 -> 0 | F87: 12 | H87: =iferror(AVERAGE(F86:F88),0) -> 12 | I87: 1 | K87: 속도 | L87: FALSE | T87: 2 | U87: =U86 -> 90 | V87: =V86 -> 0 | Y87: =iferror(AVERAGE(W86:W88),0) -> 0 | Z87: 1 | AB87: 속도 | AC87: FALSE
A88: 2 | B88: 5 | C88: 3 | D88: =D86 -> 80 | E88: =E86 -> 0 | F88: 12 | I88: 2 | K88: ROM | L88: FALSE | R88: 6 | S88: 10 | T88: 3 | U88: =U86 -> 90 | V88: =V86 -> 0 | Z88: 2 | AB88: ROM | AC88: FALSE
A89: V-SQ | C89: 1 | D89: 60 | E89: 0 | H89: =iferror(C91*D91*(F89+F90+F91),0) -> 0 | I89: 2 | J89: 90 | K89: 자세 | L89: FALSE | R89: 레그 프레스 | T89: 1 | U89: 80 | V89: 0 | W89: 20 | Y89: =iferror(T91*U91*(W89+W90+W91),0) -> 14400 | Z89: 2 | AA89: 60 | AB89: 자세 | AC89: FALSE
C90: 2 | D90: =D89 -> 60 | E90: =E89 -> 0 | H90: =iferror(AVERAGE(F89:F91),0) -> 0 | I90: 0 | K90: 속도 | L90: FALSE | T90: 2 | U90: =U89 -> 80 | V90: =V89 -> 0 | W90: 20 | Y90: =iferror(AVERAGE(W89:W91),0) -> 20 | Z90: 0 | AB90: 속도 | AC90: FALSE
A91: 6 | B91: 10 | C91: 3 | D91: =D89 -> 60 | E91: =E89 -> 0 | I91: 1 | K91: ROM | L91: FALSE | R91: 8 | S91: 12 | T91: 3 | U91: =U89 -> 80 | V91: =V89 -> 0 | W91: 20 | Z91: 1 | AB91: ROM | AC91: FALSE
A92: 런지 | C92: 1 | D92: 9 | E92: 0 | F92: 10 | H92: =iferror(C94*D94*(F92+F93+F94),0) -> 810 | I92: 2 | J92: 60 | K92: 자세 | L92: FALSE | R92: 루마니안 데드리프트 | T92: 1 | U92: 90 | V92: 0 | W92: 8 | Y92: =iferror(T94*U94*(W92+W93+W94),0) -> 7560 | Z92: 2 | AA92: 60 | AB92: 자세 | AC92: FALSE
C93: 2 | D93: =D92 -> 9 | E93: =E92 -> 0 | F93: 10 | H93: =iferror(AVERAGE(F92:F94),0) -> 10 | I93: 0 | K93: 속도 | L93: FALSE | T93: 2 | U93: =U92 -> 90 | V93: =V92 -> 0 | W93: 10 | Y93: =iferror(AVERAGE(W92:W94),0) -> 9.3333333 | Z93: 0 | AB93: 속도 | AC93: FALSE
A94: 6 | B94: 10 | C94: 3 | D94: =D92 -> 9 | E94: =E92 -> 0 | F94: 10 | I94: 1 | K94: ROM | L94: FALSE | R94: 8 | S94: 12 | T94: 3 | U94: =U92 -> 90 | V94: =V92 -> 0 | W94: 10 | Z94: 1 | AB94: ROM | AC94: FALSE
A95: 레그 익스텐션 | C95: 1 | D95: 60 | E95: 0 | H95: =iferror(C97*D97*(F95+F96+F97),0) -> 0 | I95: 2 | J95: 60 | K95: 자세 | L95: FALSE | R95: 레그 익스텐션 | T95: 1 | U95: 0 | V95: 0 | Y95: =iferror(T97*U97*(W95+W96+W97),0) -> 0 | Z95: 2 | AA95: 60 | AB95: 자세 | AC95: FALSE
C96: 2 | D96: =D95 -> 60 | E96: =E95 -> 0 | H96: =iferror(AVERAGE(F95:F97),0) -> 0 | I96: 1 | K96: 속도 | L96: FALSE | T96: 2 | U96: =U95 -> 0 | V96: =V95 -> 0 | Y96: =iferror(AVERAGE(W95:W97),0) -> 0 | Z96: 1 | AB96: 속도 | AC96: FALSE
A97: 10 | B97: 15 | C97: 3 | D97: =D95 -> 60 | E97: =E95 -> 0 | I97: 1 | K97: ROM | L97: FALSE | R97: 12 | S97: 20 | T97: 3 | U97: =U95 -> 0 | V97: =V95 -> 0 | Z97: 1 | AB97: ROM | AC97: FALSE
A98: 레그컬 | C98: 1 | D98: 60 | E98: 0 | H98: =iferror(C100*D100*(F98+F99+F100),0) -> 0 | I98: 2 | J98: 60 | K98: 자세 | L98: FALSE | R98: 레그컬 | T98: 1 | U98: 50 | V98: 0 | W98: 15 | Y98: =iferror(T100*U100*(W98+W99+W100),0) -> 6750 | Z98: 2 | AA98: 60 | AB98: 자세 | AC98: FALSE
C99: 2 | D99: =D98 -> 60 | E99: =E98 -> 0 | H99: =iferror(AVERAGE(F98:F100),0) -> 0 | I99: 0 | K99: 속도 | L99: FALSE | T99: 2 | U99: =U98 -> 50 | V99: =V98 -> 0 | W99: 15 | Y99: =iferror(AVERAGE(W98:W100),0) -> 15 | Z99: 0 | AB99: 속도 | AC99: FALSE
A100: 10 | B100: 15 | C100: 3 | D100: =D98 -> 60 | E100: =E98 -> 0 | I100: 1 | K100: ROM | L100: FALSE | R100: 12 | S100: 20 | T100: 3 | U100: =U98 -> 50 | V100: =V98 -> 0 | W100: 15 | Z100: 1 | AB100: ROM | AC100: FALSE
C101: 1 | D101: 0 | E101: 0 | H101: =iferror(C103*D103*(F101+F102+F103),0) -> 0 | K101: 자세 | L101: FALSE | T101: 1 | U101: 0 | V101: 0 | Y101: =iferror(T103*U103*(W101+W102+W103),0) -> 0 | AB101: 자세 | AC101: FALSE
C102: 2 | D102: =D101 -> 0 | E102: =E101 -> 0 | H102: =iferror(AVERAGE(F101:F103),0) -> 0 | K102: 속도 | L102: FALSE | T102: 2 | U102: =U101 -> 0 | V102: =V101 -> 0 | Y102: =iferror(AVERAGE(W101:W103),0) -> 0 | AB102: 속도 | AC102: FALSE
C103: 3 | D103: =D101 -> 0 | E103: =E101 -> 0 | K103: ROM | L103: FALSE | T103: 3 | U103: =U101 -> 0 | V103: =V101 -> 0 | AB103: ROM | AC103: FALSE
A104: 밀리터리 프레스 | C104: 1 | D104: 0 | E104: 0 | H104: =iferror(C106*D106*(F104+F105+F106),0) -> 0 | I104: 2 | J104: 60 | K104: 자세 | L104: FALSE | R104: OHP | T104: 1 | U104: 20 | V104: 0 | Y104: =iferror(T106*U106*(W104+W105+W106),0) -> 0 | Z104: 2 | AA104: 60 | AB104: 자세 | AC104: FALSE
C105: 2 | D105: =D104 -> 0 | E105: =E104 -> 0 | H105: =iferror(AVERAGE(F104:F106),0) -> 0 | I105: 0 | K105: 속도 | L105: FALSE | T105: 2 | U105: =U104 -> 20 | V105: =V104 -> 0 | Y105: =iferror(AVERAGE(W104:W106),0) -> 0 | Z105: 0 | AB105: 속도 | AC105: FALSE
A106: 2 | B106: 5 | C106: 3 | D106: =D104 -> 0 | E106: =E104 -> 0 | I106: 1 | K106: ROM | L106: FALSE | R106: 6 | S106: 10 | T106: 3 | U106: =U104 -> 20 | V106: =V104 -> 0 | Z106: 1 | AB106: ROM | AC106: FALSE
...
